min_price,max_price,VenueClass,num_links,seguidoresSpotify,popularidad,subsYT,peso_promotor,conciertos_del_artista_en_ciudad,num_noches,dias_Venta,dias_desde_finVenta,tiene_wiki,tiene_youtube,tiene_lastfm_url,tiene_twitter,tiene_instagram,tiene_itunes,tiene_homepage,NumGeneros,Adult Contemporary,Alternative,Alternative Rock,Ballads/Romantic,Blues,Classical,Classical/Vocal,Club Dance,Dance,Dance/Electronic,Flamenco,Folk,Funky Breaks,Hard Rock,Heavy Metal,Hip-Hop/Rap,Indie Pop,Jazz,Jazz Blues,K-Pop,Latin,Latin Pop,Metal,New Wave,Other,Performance Art,Pop,Pop Metal,Pop Rock,Pop Vocal,Psychedelic,R&B,Reggae,Rock,Singer-Songwriter,Soul,Urban,World
30.01,59.29,0,9,517061.0,55.0,209000.0,65,2.0,1,195,,1,1,0,1,1,1,1,3,0,0,0,0,0,0,0,0,0,0,0,0,0,0,0,0,0,1,0,0,0,0,0,0,0,0,0,0,0,0,0,0,0,0,0,0,0,0
30.01,80.0,0,9,1138312.0,67.0,394000.0,65,2.0,1,204,,1,1,0,1,1,1,1,5,0,0,1,0,0,0,0,0,0,0,0,0,0,0,0,0,0,0,0,0,0,0,0,0,0,0,0,0,0,0,0,0,0,1,0,0,0,0
65.18,146.43,0,5,2918356.0,72.0,2380000.0,65,7.0,1,163,,0,1,0,1,1,1,0,3,0,0,0,0,0,0,0,0,0,0,0,0,0,0,0,0,0,0,0,0,0,0,0,0,0,0,1,0,0,1,0,0,0,0,0,0,0,0
30.01,79.29,0,8,14280297.0,81.0,11200000.0,65,2.0,1,226,,0,1,0,1,1,1,1,3,0,0,0,0,0,0,0,0,0,0,0,0,0,0,0,0,0,0,0,0,1,0,0,0,0,0,0,0,0,0,0,0,0,0,0,0,0,1
55.36,155.36,0,10,1289403.0,65.0,1716398.4314720812,65,4.0,1,227,,1,1,1,1,1,1,1,3,0,0,0,0,0,0,0,0,0,0,0,0,0,0,0,0,0,0,0,0,0,0,0,0,0,0,1,0,0,0,0,0,0,1,0,0,0,0
87.5,119.64,0,10,1289403.0,65.0,1716398.4314720812,65,4.0,1,263,,1,1,1,1,1,1,1,3,0,0,0,0,0,0,0,0,0,0,0,0,0,0,0,0,0,0,0,0,0,0,0,0,0,0,1,0,0,0,0,0,0,1,0,0,0,0
50.89,116.96,0,9,938336.0,65.0,1716398.4314720812,65,2.0,1,192,,0,1,1,1,1,1,1,2,0,0,0,0,0,0,0,0,0,0,0,0,0,0,0,0,0,0,0,0,0,0,0,0,0,0,1,0,0,0,0,0,0,1,0,0,0,0
150.0,6000.0,2,9,14968817.0,82.0,1716398.4314720812,1,1.0,1,233,,1,1,0,1,1,1,1,2,0,0,0,0,0,0,0,0,0,0,0,0,0,0,0,0,0,0,0,0,1,0,0,0,0,0,0,0,0,0,0,0,0,0,0,0,0,1
30.01,55.0,0,7,4564084.492307693,60.90461538461538,1716398.4314720812,65,2.0,1,237,,1,1,1,1,0,0,1,1,0,0,0,0,0,0,0,0,0,0,0,0,0,0,0,0,0,1,0,0,0,0,0,0,0,0,0,0,0,0,0,0,0,0,0,0,0,0
179.46,516.07,0,9,14968817.0,82.0,1716398.4314720812,65,6.0,6,247,,1,1,0,1,1,1,1,2,0,0,0,0,0,0,0,0,0,0,0,0,0,0,0,0,0,0,0,0,1,0,0,0,0,0,0,0,0,0,0,0,0,0,0,0,0,1
30.01,51.43,0,8,443129.0,54.0,1716398.4314720812,65,2.0,1,236,,0,1,0,1,1,1,1,5,0,0,0,0,0,0,0,0,0,0,0,0,0,0,0,0,0,0,0,0,0,0,0,0,0,0,1,0,0,0,0,0,0,1,0,0,0,0
30.01,79.29,0,5,535307.0,61.0,912000.0,65,2.0,1,248,,0,1,0,1,1,1,0,2,0,0,0,0,0,0,0,0,0,0,0,0,0,0,0,0,0,0,0,0,1,0,0,0,0,0,0,0,0,0,0,0,0,0,0,0,0,1
35.71,78.57,0,6,287013.0,55.0,3070000.0,65,2.0,1,200,,0,1,0,0,1,1,1,1,0,0,0,0,0,1,1,0,0,0,0,0,0,0,0,0,0,0,0,0,0,0,0,0,0,0,0,0,0,0,0,0,0,0,0,0,0,0
30.01,54.29,0,9,189866.0,48.0,1716398.4314720812,65,2.0,1,250,,1,1,0,1,1,1,1,4,0,0,0,0,0,0,0,0,0,0,1,0,0,0,0,0,0,0,0,0,0,0,0,0,0,0,0,0,0,0,0,0,0,0,0,0,0,1
25.0,30.0,2,0,4564084.492307693,60.90461538461538,1716398.4314720812,2,2.0,2,255,,0,0,0,0,0,0,0,1,0,0,0,0,0,0,0,0,0,1,0,0,0,0,0,0,0,0,0,0,0,0,0,0,0,0,0,0,0,0,0,0,0,0,0,0,0,0
30.01,65.18,0,3,5945.0,19.0,1716398.4314720812,65,2.0,2,211,,0,0,0,0,0,1,1,1,0,0,0,0,0,0,0,0,0,0,0,0,0,0,0,0,0,0,0,0,0,0,0,0,0,0,0,0,0,0,0,0,1,0,0,0,0,0
30.01,66.43,0,9,3682868.0,72.0,2800000.0,65,2.0,1,258,,1,1,0,1,1,1,1,5,0,0,0,0,0,0,0,0,0,0,0,0,0,0,0,0,0,0,0,0,1,0,0,0,0,0,0,0,0,0,0,0,0,0,0,0,0,1
30.01,57.14,0,9,4564084.492307693,60.90461538461538,1716398.4314720812,65,2.0,1,209,,1,1,1,1,1,1,1,1,0,0,0,0,0,0,0,0,0,0,0,0,0,0,0,0,0,0,0,0,0,0,0,0,0,0,1,0,0,0,0,0,0,0,0,0,0,0
30.01,52.86,0,0,4564084.492307693,60.90461538461538,1716398.4314720812,65,2.0,1,261,,0,0,0,0,0,0,0,1,0,0,0,0,0,0,0,0,1,0,0,0,0,0,0,0,0,0,0,0,0,0,0,0,0,0,0,0,0,0,0,0,0,0,0,0,0,0
30.01,53.57,0,7,127899.0,49.0,78500.0,65,2.0,1,254,,0,1,0,1,1,1,1,2,0,0,0,0,0,0,0,0,0,0,0,0,0,0,0,0,0,0,0,0,0,0,0,0,0,0,1,0,0,0,0,0,0,0,0,0,0,0
20.0,20.0,0,0,4564084.492307693,60.90461538461538,1716398.4314720812,14,1.0,1,305,,0,0,0,0,0,0,0,1,0,0,0,0,0,0,0,0,0,0,0,0,0,0,0,0,0,0,0,0,0,0,0,1,0,0,1,0,0,0,0,0,0,1,0,0,0,0
20.0,20.0,0,7,141559.0,54.0,46600.0,85,1.0,1,158,,0,1,0,1,1,1,1,2,0,0,1,0,0,0,0,0,0,0,0,0,0,0,0,0,0,0,0,0,0,0,0,0,0,0,1,0,0,0,0,0,0,1,0,0,0,0
20.0,20.0,0,7,141559.0,54.0,46600.0,85,1.0,1,159,,0,1,0,1,1,1,1,2,0,0,1,0,0,0,0,0,0,0,0,0,0,0,0,0,0,0,0,0,0,0,0,0,0,0,1,0,0,0,0,0,0,1,0,0,0,0
105.0,125.0,1,6,1338229.0,60.0,1740000.0,1,1.0,1,40,,0,1,0,1,1,1,0,2,0,0,0,0,0,0,0,0,0,0,0,0,0,0,0,0,0,0,0,1,0,0,0,0,0,0,1,0,0,0,0,0,0,1,0,0,0,0
55.0,80.0,1,5,617811.0,57.0,199000.0,6,1.0,1,99,,0,1,0,0,1,1,1,4,0,0,0,0,0,0,0,0,0,0,0,0,0,0,0,0,0,0,0,0,0,0,0,0,0,0,1,0,0,0,0,0,0,1,0,0,0,0
40.0,40.0,2,5,4564084.492307693,60.90461538461538,1716398.4314720812,8,2.0,2,212,,0,1,0,1,1,0,1,1,0,0,0,0,0,0,0,0,0,0,0,0,0,0,0,0,0,0,0,0,0,0,0,0,0,0,1,0,0,0,0,0,0,1,0,0,0,0
30.0,30.0,2,0,4564084.492307693,60.90461538461538,1716398.4314720812,14,1.0,1,357,,0,0,0,0,0,0,0,1,0,0,0,0,0,0,0,0,0,0,0,0,0,0,0,0,0,0,0,0,0,0,0,0,0,0,1,0,0,0,0,0,0,1,0,0,0,0
34.0,38.0,1,0,4564084.492307693,60.90461538461538,1716398.4314720812,16,1.0,1,113,,0,0,0,0,0,0,0,1,0,0,0,0,0,0,0,0,0,0,0,0,0,0,0,0,0,0,0,0,0,0,0,0,1,0,1,0,0,0,0,0,0,1,0,0,0,0
25.0,38.0,1,0,4564084.492307693,60.90461538461538,1716398.4314720812,65,1.0,1,150,,0,0,0,0,0,0,0,1,0,0,0,0,0,0,0,0,0,0,0,0,0,0,0,0,0,0,0,0,0,0,0,0,0,0,1,0,0,1,0,0,0,1,0,0,0,0
32.0,32.0,1,6,179092.0,50.0,67000.0,65,1.0,1,128,,0,1,0,1,0,1,1,4,0,0,0,0,0,0,0,0,0,0,0,0,0,0,0,0,0,0,0,0,0,0,0,0,0,0,1,0,0,0,0,0,0,1,0,0,0,0
30.0,40.0,1,0,4564084.492307693,60.90461538461538,1716398.4314720812,16,1.0,1,131,,0,0,0,0,0,0,0,1,0,0,0,0,0,0,0,0,0,0,0,0,0,0,0,0,0,0,0,0,0,0,0,0,1,0,1,0,0,0,0,0,0,1,0,0,0,0
25.0,38.0,0,0,4564084.492307693,60.90461538461538,1716398.4314720812,65,1.0,1,151,,0,0,0,0,0,0,0,1,0,0,0,0,0,0,0,0,0,0,0,0,0,0,0,0,0,0,0,0,0,0,0,0,0,0,1,0,0,1,0,0,0,1,0,0,0,0
26.0,26.0,0,0,4564084.492307693,60.90461538461538,1716398.4314720812,85,1.0,1,12,,0,0,0,0,0,0,0,1,0,0,0,0,0,0,0,0,0,0,0,0,0,0,0,0,0,0,0,0,0,0,0,0,0,0,1,0,0,0,0,1,0,1,0,1,0,0
55.0,115.0,2,10,7094942.0,77.0,1716398.4314720812,85,1.0,1,172,,1,1,1,1,1,1,1,5,0,0,0,0,0,0,0,0,0,0,0,0,0,0,0,0,0,0,0,0,0,0,0,0,0,0,1,0,0,0,0,0,0,1,0,0,0,0
12.0,12.0,0,0,4564084.492307693,60.90461538461538,1716398.4314720812,15,1.0,1,50,,0,0,0,0,0,0,0,1,0,0,0,0,0,0,0,0,0,0,0,0,0,0,0,0,0,0,0,0,0,1,0,0,0,0,1,0,0,0,0,0,0,1,0,0,0,0
30.0,30.0,0,9,1143039.0,70.0,1716398.4314720812,85,1.0,1,258,,1,1,1,1,1,1,1,3,0,0,0,0,0,0,0,0,0,0,0,0,0,0,0,0,0,0,0,0,0,0,0,0,0,0,1,0,0,0,0,0,0,1,0,0,0,0
22.0,22.0,0,0,4564084.492307693,60.90461538461538,1716398.4314720812,85,1.0,1,78,,0,0,0,0,0,0,0,1,0,0,0,0,0,0,0,0,0,0,0,0,0,0,0,1,0,0,0,0,0,0,0,0,0,0,1,0,0,0,0,0,0,1,0,0,0,0
30.0,30.0,1,9,1143039.0,70.0,1716398.4314720812,85,5.0,5,259,,1,1,1,1,1,1,1,3,0,0,0,0,0,0,0,0,0,0,0,0,0,0,0,0,0,0,0,0,0,0,0,0,0,0,1,0,0,0,0,0,0,1,0,0,0,0
55.0,85.0,1,5,617811.0,57.0,199000.0,5,1.0,1,112,,0,1,0,0,1,1,1,4,0,0,0,0,0,0,0,0,0,0,0,0,0,0,0,0,0,0,0,0,0,0,0,0,0,0,1,0,0,0,0,0,0,1,0,0,0,0
20.0,20.0,0,0,4564084.492307693,60.90461538461538,1716398.4314720812,14,1.0,1,320,,0,0,0,0,0,0,0,1,0,0,0,0,0,0,0,0,0,0,0,0,0,0,0,0,0,0,0,0,0,0,0,1,0,0,1,0,0,0,0,0,0,1,0,0,0,0
25.0,25.0,2,2,4564084.492307693,60.90461538461538,1716398.4314720812,8,1.0,1,78,,0,0,0,0,0,0,1,1,0,0,0,0,0,0,0,0,0,0,0,0,0,0,0,0,0,0,0,0,0,0,0,0,0,0,1,0,0,0,0,0,0,1,0,0,0,0
30.0,30.0,1,1,4564084.492307693,60.90461538461538,1716398.4314720812,2,1.0,1,164,,0,0,0,0,0,0,0,1,0,0,0,0,0,0,0,0,0,0,0,0,0,0,0,0,0,0,0,0,0,0,0,0,0,0,1,0,0,0,0,0,0,1,0,0,0,0
25.0,60.0,0,5,208232.0,45.0,132000.0,16,1.0,1,87,,0,1,0,1,1,1,0,1,0,0,0,0,0,0,0,0,0,0,0,0,0,0,0,0,0,0,0,0,0,0,0,0,0,0,1,0,0,0,0,0,0,1,0,0,0,0
50.0,50.0,2,1,4564084.492307693,60.90461538461538,1716398.4314720812,22,2.0,1,85,,0,0,0,0,0,0,0,1,0,0,0,0,0,0,0,0,0,0,0,0,0,0,0,0,0,0,0,0,0,0,1,0,0,0,1,1,0,0,0,0,0,1,0,0,0,0
28.0,28.0,2,1,4564084.492307693,60.90461538461538,1716398.4314720812,22,2.0,1,85,,0,0,0,0,0,0,0,1,0,0,0,0,0,0,0,0,0,0,0,0,0,0,0,0,0,0,0,0,0,0,1,0,0,0,1,1,0,0,0,0,0,1,0,0,0,0
25.0,25.0,0,2,4564084.492307693,60.90461538461538,1716398.4314720812,85,4.0,4,128,,1,0,0,0,0,0,0,1,0,0,0,0,0,0,0,1,0,1,0,0,0,0,0,0,0,0,0,0,0,0,0,0,0,0,1,0,0,0,0,0,0,1,0,0,0,0
25.0,38.0,0,0,4564084.492307693,60.90461538461538,1716398.4314720812,65,1.0,1,164,,0,0,0,0,0,0,0,1,0,0,0,0,0,0,0,0,0,0,0,0,0,0,0,0,0,0,0,0,0,0,0,0,0,0,1,0,0,1,0,0,0,1,0,0,0,0
32.0,32.0,0,6,179092.0,50.0,67000.0,65,1.0,1,142,,0,1,0,1,0,1,1,4,0,0,0,0,0,0,0,0,0,0,0,0,0,0,0,0,0,0,0,0,0,0,0,0,0,0,1,0,0,0,0,0,0,1,0,0,0,0
50.0,75.0,1,5,617811.0,57.0,199000.0,6,1.0,1,143,,0,1,0,0,1,1,1,4,0,0,0,0,0,0,0,0,0,0,0,0,0,0,0,0,0,0,0,0,0,0,0,0,0,0,1,0,0,0,0,0,0,1,0,0,0,0
27.0,55.0,2,5,535307.0,61.0,912000.0,2,1.0,1,178,,0,1,0,1,1,1,0,2,0,0,0,0,0,0,0,0,0,0,0,0,0,0,0,0,0,0,0,0,1,0,0,0,0,0,1,0,0,0,0,0,0,1,0,0,0,1
30.0,40.0,0,0,4564084.492307693,60.90461538461538,1716398.4314720812,16,1.0,1,151,,0,0,0,0,0,0,0,1,0,0,0,0,0,0,0,0,0,0,0,0,0,0,0,0,0,0,0,0,0,0,0,0,1,0,1,0,0,0,0,0,0,1,0,0,0,0
50.0,270.0,2,10,6163482.0,74.0,1716398.4314720812,4,2.0,2,237,,1,1,1,1,1,1,1,6,0,0,1,0,0,0,0,0,0,0,0,0,0,0,0,0,0,0,0,0,0,0,0,0,0,0,1,0,0,0,0,0,0,1,0,0,0,0
18.0,18.0,0,6,17206.0,34.0,3090.0,85,1.0,1,155,,0,1,0,1,1,1,0,5,0,0,0,0,0,0,0,0,0,0,0,0,0,0,0,0,0,0,0,0,0,0,0,0,0,0,1,0,0,0,0,0,0,1,0,0,0,0
18.0,18.0,0,6,17206.0,34.0,3090.0,85,1.0,1,156,,0,1,0,1,1,1,0,5,0,0,0,0,0,0,0,0,0,0,0,0,0,0,0,0,0,0,0,0,0,0,0,0,0,0,1,0,0,0,0,0,0,1,0,0,0,0
10.0,10.0,0,0,4564084.492307693,60.90461538461538,1716398.4314720812,2,1.0,1,120,,0,0,0,0,0,0,0,1,0,1,0,0,0,0,0,0,0,0,0,0,0,0,0,0,1,0,0,0,0,0,0,0,0,0,1,0,0,0,0,0,0,1,0,0,0,0
30.0,30.0,0,6,179092.0,50.0,67000.0,65,1.0,1,148,,0,1,0,1,0,1,1,4,0,0,0,0,0,0,0,0,0,0,0,0,0,0,0,0,0,0,0,0,0,0,0,0,0,0,1,0,0,0,0,0,0,1,0,0,0,0
25.0,25.0,2,0,4564084.492307693,60.90461538461538,1716398.4314720812,65,1.0,1,154,,0,0,0,0,0,0,0,1,0,0,0,0,0,0,0,0,0,0,0,0,0,0,0,0,0,0,0,0,0,0,0,0,0,0,1,0,0,0,0,0,0,1,0,0,0,0
50.0,270.0,1,10,6163482.0,74.0,1716398.4314720812,4,1.0,1,241,,1,1,1,1,1,1,1,6,0,0,1,0,0,0,0,0,0,0,0,0,0,0,0,0,0,0,0,0,0,0,0,0,0,0,1,0,0,0,0,0,0,1,0,0,0,0
20.0,20.0,0,0,4564084.492307693,60.90461538461538,1716398.4314720812,14,1.0,1,334,,0,0,0,0,0,0,0,1,0,0,0,0,0,0,0,0,0,0,0,0,0,0,0,0,0,0,0,0,0,0,0,1,0,0,1,0,0,0,0,0,0,1,0,0,0,0
65.0,80.0,0,5,617811.0,57.0,199000.0,6,1.0,1,331,,0,1,0,0,1,1,1,4,0,0,0,0,0,0,0,0,0,0,0,0,0,0,0,0,0,0,0,0,0,0,0,0,0,0,1,0,0,0,0,0,0,1,0,0,0,0
25.0,60.0,0,5,208232.0,45.0,132000.0,16,1.0,1,95,,0,1,0,1,1,1,0,1,0,0,0,0,0,0,0,0,0,0,0,0,0,0,0,0,0,0,0,0,0,0,0,0,0,0,1,0,0,0,0,0,0,1,0,0,0,0
36.0,80.0,2,10,3903875.0,73.0,1716398.4314720812,85,2.0,1,176,,1,1,1,1,1,1,1,3,0,0,0,0,0,0,0,0,0,0,0,0,0,0,0,0,0,0,0,0,0,0,0,0,0,0,1,0,0,0,0,0,0,1,0,0,0,0
35.0,35.0,0,10,6365557.0,76.0,3150000.0,85,1.0,1,155,,1,1,1,1,1,1,1,1,0,0,0,0,0,0,0,0,0,0,0,0,0,0,0,0,0,0,0,0,0,0,0,0,0,0,1,0,0,0,0,0,0,1,0,0,0,0
25.0,60.0,0,5,208232.0,45.0,132000.0,16,1.0,1,96,,0,1,0,1,1,1,0,1,0,0,0,0,0,0,0,0,0,0,0,0,0,0,0,0,0,0,0,0,0,0,0,0,0,0,1,0,0,0,0,0,0,1,0,0,0,0
36.0,36.0,1,10,3903875.0,73.0,1716398.4314720812,85,2.0,1,118,,1,1,1,1,1,1,1,3,0,0,0,0,0,0,0,0,0,0,0,0,0,0,0,0,0,0,0,0,0,0,0,0,0,0,1,0,0,0,0,0,0,1,0,0,0,0
36.0,36.0,0,10,3903875.0,73.0,1716398.4314720812,85,2.0,1,59,,1,1,1,1,1,1,1,3,0,0,0,0,0,0,0,0,0,0,0,0,0,0,0,0,0,0,0,0,0,0,0,0,0,0,1,0,0,0,0,0,0,1,0,0,0,0
35.0,38.0,2,10,6365557.0,76.0,3150000.0,85,1.0,1,156,,1,1,1,1,1,1,1,1,0,0,0,0,0,0,0,0,0,0,0,0,0,0,0,0,0,0,0,0,0,0,0,0,0,0,1,0,0,0,0,0,0,1,0,0,0,0
60.0,200.0,2,10,6163482.0,74.0,1716398.4314720812,4,1.0,1,246,,1,1,1,1,1,1,1,6,0,0,1,0,0,0,0,0,0,0,0,0,0,0,0,0,0,0,0,0,0,0,0,0,0,0,1,0,0,0,0,0,0,1,0,0,0,0
20.0,20.0,0,0,4564084.492307693,60.90461538461538,1716398.4314720812,65,1.0,1,85,,0,0,0,0,0,0,0,1,0,0,0,0,0,0,0,0,0,0,0,0,0,0,0,0,0,0,0,0,0,0,0,0,0,0,1,0,1,0,0,0,0,1,0,0,0,0
20.0,20.0,0,7,261827.0,64.0,459000.0,65,1.0,1,107,,0,1,0,1,1,1,1,1,0,0,0,0,0,0,0,0,0,0,0,0,0,0,0,0,0,0,0,0,0,0,0,0,0,0,1,0,0,0,0,0,0,1,1,0,0,0
20.0,20.0,0,7,261827.0,64.0,459000.0,65,1.0,1,108,,0,1,0,1,1,1,1,1,0,0,0,0,0,0,0,0,0,0,0,0,0,0,0,0,0,0,0,0,0,0,0,0,0,0,1,0,0,0,0,0,0,1,1,0,0,0
25.0,38.0,0,0,4564084.492307693,60.90461538461538,1716398.4314720812,65,1.0,1,178,,0,0,0,0,0,0,0,1,0,0,0,0,0,0,0,0,0,0,0,0,0,0,0,0,0,0,0,0,0,0,0,0,0,0,1,0,0,1,0,0,0,1,0,0,0,0
40.0,150.0,2,10,9814310.0,77.0,2110000.0,85,1.0,1,295,,1,1,1,1,1,1,1,1,0,0,0,0,0,0,0,0,0,0,0,0,0,0,0,0,0,0,0,0,0,0,0,0,0,0,1,0,0,0,0,0,0,1,0,0,0,0
12.0,12.0,0,0,4564084.492307693,60.90461538461538,1716398.4314720812,65,1.0,1,44,,0,0,0,0,0,0,0,1,0,0,0,0,0,0,0,0,0,0,0,0,0,0,0,0,0,0,0,0,0,0,0,0,0,0,1,0,0,0,0,0,0,1,1,0,0,0
40.0,40.0,0,6,387005.0,66.0,49000.0,85,1.0,1,123,,0,1,0,0,1,1,1,1,0,0,0,0,0,0,0,0,0,0,0,0,0,0,0,0,0,0,0,0,1,0,0,0,0,0,1,0,0,0,0,0,0,1,0,0,0,0
40.0,40.0,2,10,884157.0,70.0,407000.0,85,2.0,1,169,,1,1,1,1,1,1,1,2,0,0,0,0,0,0,0,0,0,0,0,0,0,0,0,0,0,0,0,0,0,0,0,0,0,0,1,0,0,0,0,0,0,1,0,0,0,0
25.0,25.0,1,8,393109.0,59.0,704000.0,85,1.0,1,132,,0,1,0,1,1,1,1,2,0,1,1,0,0,0,0,0,0,0,0,0,0,0,0,0,0,0,0,0,0,0,0,0,0,0,1,0,0,0,0,0,0,1,0,0,0,0
20.0,20.0,0,7,261827.0,64.0,459000.0,65,1.0,1,121,,0,1,0,1,1,1,1,1,0,0,0,0,0,0,0,0,0,0,0,0,0,0,0,0,0,0,0,0,0,0,0,0,0,0,1,0,0,0,0,0,0,1,1,0,0,0
40.0,40.0,1,10,884157.0,70.0,407000.0,85,2.0,1,170,,1,1,1,1,1,1,1,2,0,0,0,0,0,0,0,0,0,0,0,0,0,0,0,0,0,0,0,0,0,0,0,0,0,0,1,0,0,0,0,0,0,1,0,0,0,0
26.5,60.0,0,5,208232.0,45.0,132000.0,16,1.0,1,115,,0,1,0,1,1,1,0,1,0,0,0,0,0,0,0,0,0,0,0,0,0,0,0,0,0,0,0,0,0,0,0,0,0,0,1,0,0,0,0,0,0,1,0,0,0,0
27.0,27.0,0,6,194.0,0.0,1716398.4314720812,65,1.0,1,150,,0,1,0,0,1,1,1,1,0,1,1,0,0,0,0,0,0,0,0,0,0,0,0,0,0,0,0,0,0,0,0,0,0,0,1,0,0,0,0,0,0,1,0,0,0,0
20.0,20.0,0,7,261827.0,64.0,459000.0,65,1.0,1,122,,0,1,0,1,1,1,1,1,0,0,0,0,0,0,0,0,0,0,0,0,0,0,0,0,0,0,0,0,0,0,0,0,0,0,1,0,0,0,0,0,0,1,1,0,0,0
22.0,22.0,1,0,4564084.492307693,60.90461538461538,1716398.4314720812,65,1.0,1,108,,0,0,0,0,0,0,0,1,0,0,0,0,0,0,0,0,0,0,0,0,0,0,0,1,0,0,0,0,0,0,0,0,0,0,1,0,0,0,0,0,0,1,0,0,1,0
60.0,75.0,2,6,2632887.0,65.0,1600000.0,85,1.0,1,113,,0,1,0,1,1,1,1,2,0,0,0,0,0,0,0,0,0,0,0,0,0,0,0,0,0,0,0,1,0,0,0,0,0,0,1,0,0,0,0,0,0,1,0,0,0,0
35.0,35.0,0,0,4564084.492307693,60.90461538461538,1716398.4314720812,85,1.0,1,333,,0,0,0,0,0,0,0,1,0,0,0,0,0,0,0,0,0,0,0,0,0,0,0,1,0,0,0,0,0,0,0,0,0,0,1,0,0,0,0,0,0,1,0,0,1,0
25.0,25.0,0,8,393109.0,59.0,704000.0,85,1.0,1,134,,0,1,0,1,1,1,1,2,0,1,1,0,0,0,0,0,0,0,0,0,0,0,0,0,0,0,0,0,0,0,0,0,0,0,1,0,0,0,0,0,0,1,0,0,0,0
47.0,52.0,2,5,617811.0,57.0,199000.0,15,1.0,1,107,,0,1,0,0,1,1,1,4,0,0,0,0,0,0,0,0,0,0,0,0,0,0,0,0,0,0,0,0,0,0,0,0,0,0,1,0,0,0,0,0,0,1,0,0,0,0
40.0,80.0,0,0,4564084.492307693,60.90461538461538,1716398.4314720812,85,1.0,1,163,,0,0,0,0,0,0,0,1,0,0,0,0,0,0,0,0,0,0,0,0,0,0,0,0,0,0,0,0,0,0,0,0,0,1,1,0,0,0,0,0,0,1,0,0,0,0
25.0,25.0,0,8,393109.0,59.0,704000.0,85,1.0,1,136,,0,1,0,1,1,1,1,2,0,1,1,0,0,0,0,0,0,0,0,0,0,0,0,0,0,0,0,0,0,0,0,0,0,0,1,0,0,0,0,0,0,1,0,0,0,0
40.0,80.0,1,0,4564084.492307693,60.90461538461538,1716398.4314720812,85,1.0,1,164,,0,0,0,0,0,0,0,1,0,0,0,0,0,0,0,0,0,0,0,0,0,0,0,0,0,0,0,0,0,0,0,0,0,1,1,0,0,0,0,0,0,1,0,0,0,0
25.0,25.0,0,8,393109.0,59.0,704000.0,85,1.0,1,137,,0,1,0,1,1,1,1,2,0,1,1,0,0,0,0,0,0,0,0,0,0,0,0,0,0,0,0,0,0,0,0,0,0,0,1,0,0,0,0,0,0,1,0,0,0,0
35.0,35.0,0,9,3748624.0,77.0,1716398.4314720812,85,1.0,1,165,,1,1,0,1,1,1,1,1,0,0,0,0,0,0,0,0,0,0,0,0,0,0,0,0,0,0,0,0,0,0,0,0,0,0,1,0,0,0,0,0,0,1,0,0,0,0
35.0,35.0,1,9,3748624.0,77.0,1716398.4314720812,85,1.0,1,166,,1,1,0,1,1,1,1,1,0,0,0,0,0,0,0,0,0,0,0,0,0,0,0,0,0,0,0,0,0,0,0,0,0,0,1,0,0,0,0,0,0,1,0,0,0,0
20.0,20.0,0,7,261827.0,64.0,459000.0,65,1.0,1,128,,0,1,0,1,1,1,1,1,0,0,0,0,0,0,0,0,0,0,0,0,0,0,0,0,0,0,0,0,0,0,0,0,0,0,1,0,0,0,0,0,0,1,1,0,0,0
20.0,20.0,0,7,261827.0,64.0,459000.0,65,1.0,1,113,,0,1,0,1,1,1,1,1,0,0,0,0,0,0,0,0,0,0,0,0,0,0,0,0,0,0,0,0,0,0,0,0,0,0,1,0,0,0,0,0,0,1,1,0,0,0
30.0,30.0,0,6,179092.0,50.0,67000.0,65,2.0,2,129,,0,1,0,1,0,1,1,4,0,0,0,0,0,0,0,0,0,0,0,0,0,0,0,0,0,0,0,0,0,0,0,0,0,0,1,0,0,0,0,0,0,1,0,0,0,0
22.0,22.0,0,0,4564084.492307693,60.90461538461538,1716398.4314720812,85,2.0,1,78,,0,0,0,0,0,0,0,1,0,0,0,0,0,0,0,0,0,0,0,0,0,0,0,0,0,0,0,0,0,0,0,0,0,0,1,0,0,0,0,0,0,1,0,0,0,0
72.0,72.0,0,0,4564084.492307693,60.90461538461538,1716398.4314720812,85,2.0,1,232,,0,0,0,0,0,0,0,1,0,0,0,0,0,0,0,0,0,0,0,0,0,0,0,0,0,0,0,0,0,0,0,0,0,0,1,0,0,0,0,0,0,1,0,0,0,0
47.0,52.0,1,5,617811.0,57.0,199000.0,15,1.0,1,177,,0,1,0,0,1,1,1,4,0,0,0,0,0,0,0,0,0,0,0,0,0,0,0,0,0,0,0,0,0,0,0,0,0,0,1,0,0,0,0,0,0,1,0,0,0,0
25.0,60.0,0,5,208232.0,45.0,132000.0,16,1.0,1,135,,0,1,0,1,1,1,0,1,0,0,0,0,0,0,0,0,0,0,0,0,0,0,0,0,0,0,0,0,0,0,0,0,0,0,1,0,0,0,0,0,0,1,0,0,0,0
72.0,72.0,0,0,4564084.492307693,60.90461538461538,1716398.4314720812,85,2.0,1,123,,0,0,0,0,0,0,0,1,0,0,0,0,0,0,0,0,0,0,0,0,0,0,0,0,0,0,0,0,0,0,0,0,0,0,1,0,0,0,0,0,0,1,0,0,0,0
22.0,22.0,0,0,4564084.492307693,60.90461538461538,1716398.4314720812,85,2.0,1,226,,0,0,0,0,0,0,0,1,0,0,0,0,0,0,0,0,0,0,0,0,0,0,0,0,0,0,0,0,0,0,0,0,0,0,1,0,0,0,0,0,0,1,0,0,0,0
22.0,22.0,1,0,4564084.492307693,60.90461538461538,1716398.4314720812,65,1.0,1,233,,0,0,0,0,0,0,0,1,0,0,0,0,0,0,0,0,0,0,0,0,0,0,0,1,0,0,0,0,0,0,0,0,0,0,1,0,0,0,0,0,0,1,0,0,1,0
27.0,27.0,0,6,194.0,0.0,1716398.4314720812,65,1.0,1,180,,0,1,0,0,1,1,1,1,0,1,1,0,0,0,0,0,0,0,0,0,0,0,0,0,0,0,0,0,0,0,0,0,0,0,1,0,0,0,0,0,0,1,0,0,0,0
23.0,23.0,0,6,202862.0,64.0,60100.0,85,1.0,1,159,,0,1,0,1,1,1,0,1,0,0,0,0,0,0,0,0,0,0,0,0,0,0,0,0,0,0,0,0,0,0,0,0,0,0,1,0,0,0,0,0,0,1,0,0,0,0
25.0,60.0,1,5,208232.0,45.0,132000.0,16,1.0,1,132,,0,1,0,1,1,1,0,1,0,0,0,0,0,0,0,0,0,0,0,0,0,0,0,0,0,0,0,0,0,0,0,0,0,0,1,0,0,0,0,0,0,1,0,0,0,0
22.0,22.0,0,0,4564084.492307693,60.90461538461538,1716398.4314720812,65,1.0,1,129,,0,0,0,0,0,0,0,1,0,0,0,0,0,0,0,0,0,0,0,0,0,0,0,1,0,0,0,0,0,0,0,0,0,0,1,0,0,0,0,0,0,1,0,0,1,0
35.0,50.0,2,9,267447.0,50.0,55400.0,2,2.0,2,168,,1,1,0,1,1,1,1,6,0,0,0,0,0,0,0,0,0,0,0,0,0,0,0,0,0,0,0,0,0,0,0,0,0,0,1,0,0,0,0,0,0,1,0,0,0,0
28.0,40.0,1,7,235341.0,61.0,203000.0,65,2.0,1,94,,0,1,0,1,1,1,1,1,0,0,0,0,0,0,0,0,0,0,0,0,0,0,0,0,0,0,0,0,0,0,0,0,0,0,1,0,0,0,0,0,0,1,0,0,0,0
45.0,45.0,1,7,235341.0,61.0,203000.0,65,2.0,1,323,,0,1,0,1,1,1,1,1,0,0,0,0,0,0,0,0,0,0,0,0,0,0,0,0,0,0,0,0,0,0,0,0,0,0,1,0,0,0,0,0,0,1,0,0,0,0
25.0,60.0,0,5,208232.0,45.0,132000.0,16,1.0,1,151,,0,1,0,1,1,1,0,1,0,0,0,0,0,0,0,0,0,0,0,0,0,0,0,0,0,0,0,0,0,0,0,0,0,0,1,0,0,0,0,0,0,1,0,0,0,0
47.0,52.0,2,5,617811.0,57.0,199000.0,15,1.0,1,130,,0,1,0,0,1,1,1,4,0,0,0,0,0,0,0,0,0,0,0,0,0,0,0,0,0,0,0,0,0,0,0,0,0,0,1,0,0,0,0,0,0,1,0,0,0,0
20.0,20.0,0,0,4564084.492307693,60.90461538461538,1716398.4314720812,14,1.0,1,121,,0,0,0,0,0,0,0,1,0,0,0,0,0,0,0,0,0,0,0,0,0,0,0,0,0,0,0,0,0,0,0,1,0,0,1,0,0,0,0,0,0,1,0,0,0,0
28.0,28.0,0,6,179092.0,50.0,67000.0,65,1.0,1,68,,0,1,0,1,0,1,1,4,0,0,0,0,0,0,0,0,0,0,0,0,0,0,0,0,0,0,0,0,0,0,0,0,0,0,1,0,0,0,0,0,0,1,0,0,0,0
25.0,60.0,0,5,208232.0,45.0,132000.0,16,1.0,1,190,,0,1,0,1,1,1,0,1,0,0,0,0,0,0,0,0,0,0,0,0,0,0,0,0,0,0,0,0,0,0,0,0,0,0,1,0,0,0,0,0,0,1,0,0,0,0
36.6,36.6,0,8,660772.0,51.0,174000.0,6,1.0,1,136,,1,1,0,1,1,0,1,5,0,0,0,0,0,0,0,0,0,0,0,0,0,0,0,0,0,0,0,0,1,0,0,0,0,0,1,0,0,0,0,0,0,1,0,0,0,1
30.0,30.0,0,6,179092.0,50.0,67000.0,65,1.0,1,100,,0,1,0,1,0,1,1,4,0,0,0,0,0,0,0,0,0,0,0,0,0,0,0,0,0,0,0,0,0,0,0,0,0,0,1,0,0,0,0,0,0,1,0,0,0,0
26.5,60.0,0,5,208232.0,45.0,132000.0,16,1.0,1,191,,0,1,0,1,1,1,0,1,0,0,0,0,0,0,0,0,0,0,0,0,0,0,0,0,0,0,0,0,0,0,0,0,0,0,1,0,0,0,0,0,0,1,0,0,0,0
27.0,27.0,0,6,194.0,0.0,1716398.4314720812,65,1.0,1,137,,0,1,0,0,1,1,1,1,0,1,1,0,0,0,0,0,0,0,0,0,0,0,0,0,0,0,0,0,0,0,0,0,0,0,1,0,0,0,0,0,0,1,0,0,0,0
22.0,22.0,0,0,4564084.492307693,60.90461538461538,1716398.4314720812,65,1.0,1,172,,0,0,0,0,0,0,0,1,0,0,0,0,0,0,0,0,0,0,0,0,0,0,0,0,0,0,0,0,0,0,0,0,0,0,1,0,0,0,0,0,0,1,0,0,0,0
36.6,36.6,0,8,660772.0,51.0,174000.0,6,1.0,1,137,,1,1,0,1,1,0,1,5,0,0,0,0,0,0,0,0,0,0,0,0,0,0,0,0,0,0,0,0,1,0,0,0,0,0,1,0,0,0,0,0,0,1,0,0,0,1
36.6,36.6,1,8,660772.0,51.0,174000.0,6,1.0,1,101,,1,1,0,1,1,0,1,5,0,0,0,0,0,0,0,0,0,0,0,0,0,0,0,0,0,0,0,0,1,0,0,0,0,0,1,0,0,0,0,0,0,1,0,0,0,1
36.6,36.6,0,8,660772.0,51.0,174000.0,6,1.0,1,102,,1,1,0,1,1,0,1,5,0,0,0,0,0,0,0,0,0,0,0,0,0,0,0,0,0,0,0,0,1,0,0,0,0,0,1,0,0,0,0,0,0,1,0,0,0,1
20.0,20.0,0,0,4564084.492307693,60.90461538461538,1716398.4314720812,14,1.0,1,106,,0,0,0,0,0,0,0,1,0,0,0,0,0,0,0,0,0,0,0,0,0,0,0,0,0,0,0,0,0,0,0,1,0,0,1,0,0,0,0,0,0,1,0,0,0,0
22.0,22.0,0,0,4564084.492307693,60.90461538461538,1716398.4314720812,65,1.0,1,185,,0,0,0,0,0,0,0,1,0,0,0,0,0,0,0,0,0,0,0,0,0,0,0,0,0,0,0,0,0,0,0,0,0,0,1,0,0,0,0,0,0,1,0,0,0,0
18.0,18.0,0,0,4564084.492307693,60.90461538461538,1716398.4314720812,65,1.0,1,143,,0,0,0,0,0,0,0,1,0,0,0,0,0,0,0,0,0,0,0,0,0,0,0,0,0,0,0,0,0,0,0,0,0,0,1,0,1,0,0,0,0,1,0,0,0,0
36.6,36.6,0,8,660772.0,51.0,174000.0,6,1.0,1,141,,1,1,0,1,1,0,1,5,0,0,0,0,0,0,0,0,0,0,0,0,0,0,0,0,0,0,0,0,1,0,0,0,0,0,1,0,0,0,0,0,0,1,0,0,0,1
30.0,30.0,0,6,179092.0,50.0,67000.0,65,1.0,1,107,,0,1,0,1,0,1,1,4,0,0,0,0,0,0,0,0,0,0,0,0,0,0,0,0,0,0,0,0,0,0,0,0,0,0,1,0,0,0,0,0,0,1,0,0,0,0
20.0,20.0,0,0,4564084.492307693,60.90461538461538,1716398.4314720812,14,1.0,1,198,,0,0,0,0,0,0,0,1,0,0,0,0,0,0,0,0,0,0,0,0,0,0,0,0,0,0,0,0,0,0,0,1,0,0,1,0,0,0,0,0,0,1,0,0,0,0
25.0,60.0,0,5,208232.0,45.0,132000.0,16,1.0,1,383,,0,1,0,1,1,1,0,1,0,0,0,0,0,0,0,0,0,0,0,0,0,0,0,0,0,0,0,0,0,0,0,0,0,0,1,0,0,0,0,0,0,1,0,0,0,0
47.0,52.0,1,5,617811.0,57.0,199000.0,15,1.0,1,144,,0,1,0,0,1,1,1,4,0,0,0,0,0,0,0,0,0,0,0,0,0,0,0,0,0,0,0,0,0,0,0,0,0,0,1,0,0,0,0,0,0,1,0,0,0,0
22.0,22.0,0,0,4564084.492307693,60.90461538461538,1716398.4314720812,65,1.0,1,156,,0,0,0,0,0,0,0,1,0,0,0,0,0,0,0,0,0,0,0,0,0,0,0,0,0,0,0,0,0,0,0,0,0,0,1,0,0,0,0,0,0,1,0,0,0,0
18.0,18.0,0,0,4564084.492307693,60.90461538461538,1716398.4314720812,65,1.0,1,144,,0,0,0,0,0,0,0,1,0,0,0,0,0,0,0,0,0,0,0,0,0,0,0,0,0,0,0,0,0,0,0,0,0,0,1,0,1,0,0,0,0,1,0,0,0,0
36.6,36.6,0,8,660772.0,51.0,174000.0,6,1.0,1,142,,1,1,0,1,1,0,1,5,0,0,0,0,0,0,0,0,0,0,0,0,0,0,0,0,0,0,0,0,1,0,0,0,0,0,1,0,0,0,0,0,0,1,0,0,0,1
27.0,27.0,0,7,155448.0,56.0,1716398.4314720812,65,1.0,1,108,,0,1,0,1,1,1,1,3,0,0,0,0,0,0,0,0,0,0,0,0,0,0,0,0,0,0,0,0,0,0,0,0,0,0,1,0,1,0,0,0,0,1,0,0,0,0
65.0,240.0,2,7,7029689.0,73.0,1716398.4314720812,85,1.0,1,92,,0,1,0,1,1,1,1,2,0,0,0,0,0,0,0,0,0,0,0,0,0,0,0,0,0,0,0,1,0,0,0,0,0,0,1,0,0,0,0,0,0,1,0,0,0,0
40.0,70.0,2,5,617811.0,57.0,199000.0,15,2.0,2,92,,0,1,0,0,1,1,1,4,0,0,0,0,0,0,0,0,0,0,0,0,0,0,0,0,0,0,0,0,0,0,0,0,0,0,1,0,0,0,0,0,0,1,0,0,0,0
30.0,30.0,0,8,9758817.0,80.0,3040000.0,85,1.0,1,161,,0,1,0,1,1,1,1,4,0,0,0,0,0,0,0,0,0,0,0,0,0,0,0,1,0,0,0,0,0,0,0,0,0,0,1,0,0,0,0,0,0,1,0,0,0,0
22.0,22.0,0,0,4564084.492307693,60.90461538461538,1716398.4314720812,65,1.0,1,364,,0,0,0,0,0,0,0,1,0,0,0,0,0,0,0,0,0,0,0,0,0,0,0,0,0,0,0,0,0,0,0,0,0,0,1,0,0,0,0,0,0,1,0,0,0,0
25.0,60.0,3,0,4564084.492307693,60.90461538461538,1716398.4314720812,3,1.0,1,150,,0,0,0,0,0,0,0,1,0,0,0,0,0,0,0,0,0,0,0,0,0,0,0,0,0,0,0,0,0,0,0,0,0,0,1,0,1,0,0,0,0,1,0,0,0,0
20.0,20.0,0,0,4564084.492307693,60.90461538461538,1716398.4314720812,65,1.0,1,162,,0,0,0,0,0,0,0,1,0,0,0,0,0,0,0,0,0,0,0,0,0,0,0,0,0,0,0,0,0,0,0,0,0,0,1,0,1,0,0,0,0,1,0,0,0,0
27.0,27.0,0,7,155448.0,56.0,1716398.4314720812,65,1.0,1,148,,0,1,0,1,1,1,1,3,0,0,0,0,0,0,0,0,0,0,0,0,0,0,0,0,0,0,0,0,0,0,0,0,0,0,1,0,1,0,0,0,0,1,0,0,0,0
20.0,20.0,0,7,261827.0,64.0,459000.0,65,2.0,2,98,,0,1,0,1,1,1,1,1,0,0,0,0,0,0,0,0,0,0,0,0,0,0,0,0,0,0,0,0,0,0,0,0,0,0,1,0,0,0,0,0,0,1,1,0,0,0
22.0,22.0,0,0,4564084.492307693,60.90461538461538,1716398.4314720812,65,1.0,1,158,,0,0,0,0,0,0,0,1,0,0,0,0,0,0,0,0,0,0,0,0,0,0,0,0,0,0,0,0,0,0,0,0,0,0,1,0,0,0,0,0,0,1,0,0,0,0
25.0,38.0,0,0,4564084.492307693,60.90461538461538,1716398.4314720812,65,1.0,1,151,,0,0,0,0,0,0,0,1,0,0,0,0,0,0,0,0,0,0,0,0,0,0,0,0,0,0,0,0,0,0,0,0,0,0,1,0,0,1,0,0,0,1,0,0,0,0
18.0,18.0,0,0,4564084.492307693,60.90461538461538,1716398.4314720812,65,1.0,1,228,,0,0,0,0,0,0,0,1,0,0,0,0,0,0,0,0,0,0,0,0,0,0,0,0,0,0,0,0,0,0,0,0,0,0,1,0,1,0,0,0,0,1,0,0,0,0
27.0,27.0,0,7,155448.0,56.0,1716398.4314720812,65,1.0,1,144,,0,1,0,1,1,1,1,3,0,0,0,0,0,0,0,0,0,0,0,0,0,0,0,0,0,0,0,0,0,0,0,0,0,0,1,0,1,0,0,0,0,1,0,0,0,0
38.0,38.0,2,0,4564084.492307693,60.90461538461538,1716398.4314720812,85,1.0,1,104,,0,0,0,0,0,0,0,1,0,0,0,0,0,0,0,0,0,0,0,0,0,0,0,0,0,0,0,0,0,0,0,0,0,0,1,0,0,0,0,0,0,1,0,0,0,0
27.0,27.0,0,6,194.0,0.0,1716398.4314720812,65,1.0,1,97,,0,1,0,0,1,1,1,1,0,1,1,0,0,0,0,0,0,0,0,0,0,0,0,0,0,0,0,0,0,0,0,0,0,0,1,0,0,0,0,0,0,1,0,0,0,0
25.0,38.0,0,0,4564084.492307693,60.90461538461538,1716398.4314720812,65,1.0,1,192,,0,0,0,0,0,0,0,1,0,0,0,0,0,0,0,0,0,0,0,0,0,0,0,0,0,0,0,0,0,0,0,0,0,0,1,0,0,1,0,0,0,1,0,0,0,0
28.0,28.0,0,6,179092.0,50.0,67000.0,65,1.0,1,234,,0,1,0,1,0,1,1,4,0,0,0,0,0,0,0,0,0,0,0,0,0,0,0,0,0,0,0,0,0,0,0,0,0,0,1,0,0,0,0,0,0,1,0,0,0,0
40.0,70.0,1,5,617811.0,57.0,199000.0,6,2.0,2,212,,0,1,0,0,1,1,1,4,0,0,0,0,0,0,0,0,0,0,0,0,0,0,0,0,0,0,0,0,0,0,0,0,0,0,1,0,0,0,0,0,0,1,0,0,0,0
38.0,42.0,1,0,4564084.492307693,60.90461538461538,1716398.4314720812,85,1.0,1,170,,0,0,0,0,0,0,0,1,0,0,0,0,0,0,0,0,0,0,0,0,0,0,0,0,0,0,0,0,0,0,0,0,0,0,1,0,0,0,0,0,0,1,0,0,0,0
39.0,100.0,1,9,5081259.0,85.0,5330000.0,85,1.0,1,100,,1,1,1,1,1,1,1,1,0,0,0,0,0,0,0,0,0,0,0,0,0,0,0,0,0,0,0,0,0,0,0,0,0,0,1,0,0,0,0,0,0,1,0,0,0,0
37.0,90.0,2,9,5081259.0,85.0,5330000.0,85,1.0,1,192,,1,1,1,1,1,1,1,1,0,0,0,0,0,0,0,0,0,0,0,0,0,0,0,0,0,0,0,0,0,0,0,0,0,0,1,0,0,0,0,0,0,1,0,0,0,0
15.0,15.0,0,0,4564084.492307693,60.90461538461538,1716398.4314720812,2,1.0,1,193,,0,0,0,0,0,0,0,1,0,1,0,0,0,0,0,0,0,0,0,0,0,0,0,0,1,0,0,0,0,0,0,0,0,0,1,0,0,0,0,0,0,1,0,0,0,0
30.0,30.0,0,6,179092.0,50.0,67000.0,65,1.0,1,173,,0,1,0,1,0,1,1,4,0,0,0,0,0,0,0,0,0,0,0,0,0,0,0,0,0,0,0,0,0,0,0,0,0,0,1,0,0,0,0,0,0,1,0,0,0,0
65.0,250.0,1,10,7470993.0,76.0,5320000.0,85,1.0,1,218,,1,1,1,1,1,1,1,2,0,0,0,0,0,0,0,0,0,0,0,0,0,0,0,0,0,0,0,0,0,0,0,0,0,0,1,0,0,0,0,0,0,1,0,0,0,0
47.0,52.0,2,5,617811.0,57.0,199000.0,6,1.0,1,295,,0,1,0,0,1,1,1,4,0,0,0,0,0,0,0,0,0,0,0,0,0,0,0,0,0,0,0,0,0,0,0,0,0,0,1,0,0,0,0,0,0,1,0,0,0,0
18.0,18.0,0,0,4564084.492307693,60.90461538461538,1716398.4314720812,65,1.0,1,177,,0,0,0,0,0,0,0,1,0,0,0,0,0,0,0,0,0,0,0,0,0,0,0,0,0,0,0,0,0,0,0,0,0,0,1,0,1,0,0,0,0,1,0,0,0,0
55.0,175.0,2,10,3441730.0,69.0,1716398.4314720812,85,1.0,1,163,,1,1,1,1,1,1,1,2,0,0,0,0,0,0,0,0,0,0,0,0,0,0,0,0,0,0,0,0,0,0,0,0,0,0,1,0,0,0,0,0,0,1,0,0,0,0
65.0,200.0,3,10,106263586.0,100.0,1716398.4314720812,1,3.0,2,192,,1,1,1,1,1,1,1,1,0,0,0,0,0,0,0,0,0,0,0,0,0,0,0,0,0,0,0,0,0,0,0,0,0,0,1,0,0,0,0,0,0,1,0,0,0,0
22.0,22.0,0,0,4564084.492307693,60.90461538461538,1716398.4314720812,65,1.0,1,322,,0,0,0,0,0,0,0,1,0,0,0,0,0,0,0,0,0,0,0,0,0,0,0,0,0,0,0,0,0,0,0,0,0,0,1,0,0,0,0,0,0,1,0,0,0,0
18.0,18.0,0,0,4564084.492307693,60.90461538461538,1716398.4314720812,65,1.0,1,171,,0,0,0,0,0,0,0,1,0,0,0,0,0,0,0,0,0,0,0,0,0,0,0,0,0,0,0,0,0,0,0,0,0,0,1,0,1,0,0,0,0,1,0,0,0,0
37.0,37.0,0,10,2403382.0,70.0,1716398.4314720812,65,1.0,1,169,,1,1,1,1,1,1,1,6,0,0,0,0,0,0,0,0,0,0,0,0,0,0,0,0,0,0,0,0,0,0,0,0,0,0,1,0,0,0,0,0,0,1,0,0,0,0
44.0,44.0,0,5,617811.0,57.0,199000.0,15,1.0,1,119,,0,1,0,0,1,1,1,4,0,0,0,0,0,0,0,0,0,0,0,0,0,0,0,0,0,0,0,0,0,0,0,0,0,0,1,0,0,0,0,0,0,1,0,0,0,0
60.0,280.0,1,0,4564084.492307693,60.90461538461538,1716398.4314720812,85,1.0,1,169,,0,0,0,0,0,0,0,1,0,0,0,0,0,0,0,0,0,0,0,0,0,0,0,0,0,0,0,1,0,0,0,0,0,0,1,0,0,0,0,0,0,1,0,0,0,0
25.0,60.0,1,0,4564084.492307693,60.90461538461538,1716398.4314720812,3,1.0,1,203,,0,0,0,0,0,0,0,1,0,0,0,0,0,0,0,0,0,0,0,0,0,0,0,0,0,0,0,0,0,0,0,0,0,0,1,0,1,0,0,0,0,1,0,0,0,0
40.0,65.0,2,9,1169570.0,61.0,1716398.4314720812,3,1.0,1,190,,1,1,0,1,1,1,1,4,0,0,0,0,0,0,0,0,0,0,0,0,0,0,0,0,0,0,0,0,0,0,0,0,0,0,1,0,0,0,0,0,0,1,0,0,0,0
47.0,52.0,2,5,617811.0,57.0,199000.0,15,1.0,1,158,,0,1,0,0,1,1,1,4,0,0,0,0,0,0,0,0,0,0,0,0,0,0,0,0,0,0,0,0,0,0,0,0,0,0,1,0,0,0,0,0,0,1,0,0,0,0
70.0,260.0,1,10,10615731.0,78.0,1716398.4314720812,10,1.0,1,191,,1,1,1,1,1,1,1,6,0,0,0,0,0,0,0,0,0,0,0,0,0,0,0,0,0,0,0,0,1,0,0,0,0,0,1,0,0,0,0,0,0,1,0,0,0,1
59.0,161.0,2,10,9458106.0,76.0,7200000.0,1,1.0,1,191,,1,1,1,1,1,1,1,4,0,0,0,0,0,0,0,0,0,0,0,0,0,0,0,0,0,0,0,0,1,0,0,0,0,0,1,0,0,0,0,0,0,1,0,0,0,1
75.0,90.0,2,10,10615731.0,78.0,1716398.4314720812,10,1.0,1,131,,1,1,1,1,1,1,1,6,0,0,0,0,0,0,0,0,0,0,0,0,0,0,0,0,0,0,0,0,1,0,0,0,0,0,1,0,0,0,0,0,0,1,0,0,0,1
25.0,38.0,0,0,4564084.492307693,60.90461538461538,1716398.4314720812,65,1.0,1,195,,0,0,0,0,0,0,0,1,0,0,0,0,0,0,0,0,0,0,0,0,0,0,0,0,0,0,0,0,0,0,0,0,0,0,1,0,0,1,0,0,0,1,0,0,0,0
49.0,79.0,1,0,4564084.492307693,60.90461538461538,1716398.4314720812,1,1.0,1,262,,0,0,0,0,0,0,0,1,0,0,0,0,0,0,0,0,0,0,0,0,0,0,0,0,0,0,0,0,1,0,0,0,0,0,1,0,0,0,0,0,0,1,0,0,0,0
47.0,52.0,2,5,617811.0,57.0,199000.0,5,1.0,1,219,,0,1,0,0,1,1,1,4,0,0,0,0,0,0,0,0,0,0,0,0,0,0,0,0,0,0,0,0,0,0,0,0,0,0,1,0,0,0,0,0,0,1,0,0,0,0
85.0,240.0,2,10,10615731.0,78.0,1716398.4314720812,10,2.0,1,198,,1,1,1,1,1,1,1,6,0,0,0,0,0,0,0,0,0,0,0,0,0,0,0,0,0,0,0,0,1,0,0,0,0,0,1,0,0,0,0,0,0,1,0,0,0,1
25.0,38.0,0,0,4564084.492307693,60.90461538461538,1716398.4314720812,65,1.0,1,197,,0,0,0,0,0,0,0,1,0,0,0,0,0,0,0,0,0,0,0,0,0,0,0,0,0,0,0,0,0,0,0,0,0,0,1,0,0,1,0,0,0,1,0,0,0,0
50.0,55.0,2,9,4564084.492307693,60.90461538461538,1716398.4314720812,85,1.0,1,263,,1,1,1,1,1,1,1,1,0,0,1,0,0,0,0,0,0,0,0,0,0,0,0,0,0,0,0,0,0,0,0,0,0,0,1,0,0,0,0,0,0,1,0,0,0,0
60.0,180.0,1,0,4564084.492307693,60.90461538461538,1716398.4314720812,85,1.0,1,186,,0,0,0,0,0,0,0,1,0,0,0,0,0,0,0,0,0,0,0,0,0,0,0,0,0,0,0,0,0,0,0,0,0,0,1,0,0,0,0,0,0,1,0,0,0,0
75.0,175.0,2,10,10615731.0,78.0,1716398.4314720812,10,1.0,1,271,,1,1,1,1,1,1,1,6,0,0,0,0,0,0,0,0,0,0,0,0,0,0,0,0,0,0,0,0,1,0,0,0,0,0,1,0,0,0,0,0,0,1,0,0,0,1
60.0,230.0,2,0,4564084.492307693,60.90461538461538,1716398.4314720812,85,1.0,1,198,,0,0,0,0,0,0,0,1,0,0,0,0,0,0,0,0,0,0,0,0,0,0,0,0,0,0,0,0,0,0,0,0,0,0,1,0,0,0,0,0,0,1,0,0,0,0
30.0,30.0,1,0,4564084.492307693,60.90461538461538,1716398.4314720812,2,1.0,1,273,,0,0,0,0,0,0,0,1,0,0,0,0,0,0,0,0,0,0,0,0,0,0,0,0,0,0,0,0,0,0,0,0,0,0,1,0,0,0,0,0,0,1,0,0,0,0
36.0,85.0,3,7,10809521.0,82.0,7250000.0,2,1.0,1,185,,0,1,0,1,1,1,1,2,0,0,0,0,0,0,0,0,0,0,0,0,0,0,0,0,0,0,0,0,0,0,0,0,0,0,1,0,1,0,0,0,0,1,0,0,0,0
59.0,221.0,2,10,9458106.0,76.0,7200000.0,1,1.0,1,259,,1,1,1,1,1,1,1,4,0,0,0,0,0,0,0,0,0,0,0,0,0,0,0,0,0,0,0,0,1,0,0,0,0,0,1,0,0,0,0,0,0,1,0,0,0,1
35.0,90.0,2,0,4564084.492307693,60.90461538461538,1716398.4314720812,3,2.0,2,141,,0,0,0,0,0,0,0,1,0,0,0,0,0,0,0,0,0,0,0,0,0,0,0,0,0,0,0,0,1,0,0,0,0,0,1,0,0,0,0,0,0,1,0,0,0,0
75.0,210.0,2,10,10615731.0,78.0,1716398.4314720812,10,1.0,1,187,,1,1,1,1,1,1,1,6,0,0,0,0,0,0,0,0,0,0,0,0,0,0,0,0,0,0,0,0,1,0,0,0,0,0,1,0,0,0,0,0,0,1,0,0,0,1
47.0,52.0,2,5,617811.0,57.0,199000.0,5,1.0,1,204,,0,1,0,0,1,1,1,4,0,0,0,0,0,0,0,0,0,0,0,0,0,0,0,0,0,0,0,0,0,0,0,0,0,0,1,0,0,0,0,0,0,1,0,0,0,0
35.0,90.0,2,0,4564084.492307693,60.90461538461538,1716398.4314720812,4,1.0,1,186,,0,0,0,0,0,0,0,1,0,0,0,0,0,0,0,0,0,0,0,0,0,0,0,0,0,0,0,0,0,0,0,0,0,0,1,0,0,0,0,0,0,1,0,0,0,0
25.0,90.0,2,0,4564084.492307693,60.90461538461538,1716398.4314720812,1,1.0,1,150,,0,0,0,0,0,0,0,1,0,0,0,0,0,0,0,0,0,0,0,0,0,0,0,0,0,0,0,0,1,0,0,0,0,0,1,0,0,0,0,0,0,1,0,0,0,0
60.0,110.0,2,10,10615731.0,78.0,1716398.4314720812,10,1.0,1,227,,1,1,1,1,1,1,1,6,0,0,0,0,0,0,0,0,0,0,0,0,0,0,0,0,0,0,0,0,1,0,0,0,0,0,1,0,0,0,0,0,0,1,0,0,0,1
40.0,90.0,2,7,2658681.0,75.0,2750000.0,6,1.0,1,209,,0,1,0,1,1,1,1,2,0,0,0,0,0,0,0,0,0,0,0,0,0,0,0,0,0,0,0,0,0,0,0,0,0,0,1,0,0,0,0,0,0,1,0,0,0,0
80.0,650.0,2,9,14968817.0,82.0,1716398.4314720812,2,1.0,1,359,,1,1,0,1,1,1,1,2,0,0,0,0,0,0,0,0,0,0,0,0,0,0,0,0,0,0,0,0,1,0,0,0,0,0,1,0,0,0,0,0,0,1,0,0,0,1
25.0,110.0,3,0,4564084.492307693,60.90461538461538,1716398.4314720812,1,1.0,1,207,,0,0,0,0,0,0,0,1,0,0,0,0,0,0,0,0,0,0,0,0,0,0,0,0,0,0,0,0,1,0,0,0,0,0,1,0,0,0,0,0,0,1,0,0,0,0
40.0,85.0,2,9,2495275.0,69.0,2680000.0,2,1.0,1,232,,1,1,1,0,1,1,1,4,0,0,0,0,0,0,0,0,0,0,0,0,0,0,0,0,0,0,0,0,1,0,0,0,0,0,1,0,0,0,0,0,0,1,0,0,0,1
60.0,190.0,2,10,10615731.0,78.0,1716398.4314720812,10,1.0,1,381,,1,1,1,1,1,1,1,6,0,0,0,0,0,0,0,0,0,0,0,0,0,0,0,0,0,0,0,0,1,0,0,0,0,0,1,0,0,0,0,0,0,1,0,0,0,1
40.0,90.0,2,0,4564084.492307693,60.90461538461538,1716398.4314720812,3,1.0,1,211,,0,0,0,0,0,0,0,1,0,0,0,0,0,0,0,0,0,0,0,0,0,0,0,0,0,0,0,0,1,0,0,0,0,0,1,0,0,0,0,0,0,1,0,0,0,0
55.0,900.0,3,9,14968817.0,82.0,1716398.4314720812,1,1.0,1,234,,1,1,0,1,1,1,1,2,0,0,0,0,0,0,0,0,0,0,0,0,0,0,0,0,0,0,0,0,1,0,0,0,0,0,1,0,0,0,0,0,0,1,0,0,0,1
25.0,90.0,2,0,4564084.492307693,60.90461538461538,1716398.4314720812,4,1.0,1,209,,0,0,0,0,0,0,0,1,0,0,0,0,0,0,0,0,0,0,0,0,0,0,0,0,0,0,0,0,0,0,0,0,0,0,1,0,0,0,0,0,0,1,0,0,0,0
55.0,70.0,2,10,6704912.0,85.0,1716398.4314720812,85,1.0,1,158,,1,1,1,1,1,1,1,3,0,0,0,0,0,0,0,0,0,0,0,0,0,0,0,0,0,0,0,0,0,0,0,0,0,0,1,0,0,0,0,0,0,1,0,0,0,0
35.0,90.0,2,7,2658681.0,75.0,2750000.0,6,1.0,1,210,,0,1,0,1,1,1,1,2,0,0,0,0,0,0,0,0,0,0,0,0,0,0,0,0,0,0,0,0,0,0,0,0,0,0,1,0,0,0,0,0,0,1,0,0,0,0
75.0,650.0,2,9,14968817.0,82.0,1716398.4314720812,2,1.0,1,364,,1,1,0,1,1,1,1,2,0,0,0,0,0,0,0,0,0,0,0,0,0,0,0,0,0,0,0,0,1,0,0,0,0,0,1,0,0,0,0,0,0,1,0,0,0,1
75.0,255.0,2,10,10615731.0,78.0,1716398.4314720812,10,2.0,1,212,,1,1,1,1,1,1,1,6,0,0,0,0,0,0,0,0,0,0,0,0,0,0,0,0,0,0,0,0,1,0,0,0,0,0,1,0,0,0,0,0,0,1,0,0,0,1
35.0,120.0,1,0,4564084.492307693,60.90461538461538,1716398.4314720812,3,1.0,1,215,,0,0,0,0,0,0,0,1,0,0,0,0,0,0,0,0,0,0,0,0,0,0,0,0,0,0,0,0,1,0,0,0,0,0,1,0,0,0,0,0,0,1,0,0,0,0
75.0,230.0,2,10,10615731.0,78.0,1716398.4314720812,10,2.0,1,237,,1,1,1,1,1,1,1,6,0,0,0,0,0,0,0,0,0,0,0,0,0,0,0,0,0,0,0,0,1,0,0,0,0,0,1,0,0,0,0,0,0,1,0,0,0,1
35.0,85.0,0,7,2658681.0,75.0,2750000.0,6,1.0,1,213,,0,1,0,1,1,1,1,2,0,0,0,0,0,0,0,0,0,0,0,0,0,0,0,0,0,0,0,0,0,0,0,0,0,0,1,0,0,0,0,0,0,1,0,0,0,0
70.0,125.0,3,9,2495275.0,69.0,2680000.0,2,1.0,1,366,,1,1,1,0,1,1,1,4,0,0,0,0,0,0,0,0,0,0,0,0,0,0,0,0,0,0,0,0,1,0,0,0,0,0,1,0,0,0,0,0,0,1,0,0,0,1
50.0,1250.0,3,9,14968817.0,82.0,1716398.4314720812,1,2.0,2,301,,1,1,0,1,1,1,1,2,0,0,0,0,0,0,0,0,0,0,0,0,0,0,0,0,0,0,0,0,1,0,0,0,0,0,1,0,0,0,0,0,0,1,0,0,0,1
105.0,330.0,1,10,8601325.0,75.0,1716398.4314720812,5,5.0,2,240,,1,1,1,1,1,1,1,7,0,0,1,0,0,0,0,0,0,0,0,0,0,0,0,0,0,0,0,0,0,0,0,0,0,0,1,0,0,0,0,0,0,1,0,0,0,0
141.1,361.11,2,9,14968817.0,82.0,1716398.4314720812,1,1.0,1,136,,1,1,0,1,1,1,1,2,0,0,0,0,0,0,0,0,0,0,0,0,0,0,0,0,0,0,0,0,1,0,0,0,0,0,1,0,0,0,0,0,0,1,0,0,0,1
40.0,40.0,0,10,451720.0,52.0,1716398.4314720812,85,1.0,1,219,,1,1,1,1,1,1,1,1,0,0,1,0,0,0,0,0,0,0,0,0,0,0,0,0,0,0,0,0,0,0,0,0,0,0,1,0,0,0,0,0,0,1,0,0,0,0
40.0,90.0,1,0,4564084.492307693,60.90461538461538,1716398.4314720812,3,2.0,1,160,,0,0,0,0,0,0,0,1,0,0,0,0,0,0,0,0,0,0,0,0,0,0,0,0,0,0,0,0,1,0,0,0,0,0,1,0,0,0,0,0,0,1,0,0,0,0
40.0,92.0,1,8,443129.0,54.0,1716398.4314720812,2,1.0,1,245,,0,1,0,1,1,1,1,5,0,0,0,0,0,0,0,0,0,0,0,0,0,0,0,0,0,0,0,0,0,0,0,0,0,0,1,0,0,0,0,0,0,1,0,0,0,0
75.0,500.0,3,9,14968817.0,82.0,1716398.4314720812,2,1.0,1,8,,1,1,0,1,1,1,1,2,0,0,0,0,0,0,0,0,0,0,0,0,0,0,0,0,0,0,0,0,1,0,0,0,0,0,1,0,0,0,0,0,0,1,0,0,0,1
50.0,90.0,3,5,2918356.0,72.0,2380000.0,1,1.0,1,222,,0,1,0,1,1,1,0,3,0,0,0,0,0,0,0,0,0,0,0,0,0,0,0,0,0,0,0,0,0,0,0,0,0,0,1,0,0,1,0,0,0,1,0,0,0,0
25.0,120.0,1,0,4564084.492307693,60.90461538461538,1716398.4314720812,4,1.0,1,229,,0,0,0,0,0,0,0,1,0,0,0,0,0,0,0,0,0,0,0,0,0,0,0,0,0,0,0,0,0,0,0,0,0,0,1,0,0,0,0,0,0,1,0,0,0,0
45.0,90.0,1,0,4564084.492307693,60.90461538461538,1716398.4314720812,2,2.0,2,172,,0,0,0,0,0,0,0,1,0,0,0,0,0,0,0,0,0,0,0,0,0,0,0,0,0,0,0,0,1,0,0,0,0,0,1,0,0,0,0,0,0,1,0,0,0,0
60.0,900.0,1,9,14968817.0,82.0,1716398.4314720812,2,2.0,2,250,,1,1,0,1,1,1,1,2,0,0,0,0,0,0,0,0,0,0,0,0,0,0,0,0,0,0,0,0,1,0,0,0,0,0,1,0,0,0,0,0,0,1,0,0,0,1
35.0,120.0,2,0,4564084.492307693,60.90461538461538,1716398.4314720812,4,1.0,1,227,,0,0,0,0,0,0,0,1,0,0,0,0,0,0,0,0,0,0,0,0,0,0,0,0,0,0,0,0,0,0,0,0,0,0,1,0,0,0,0,0,0,1,0,0,0,0
43.0,92.0,2,0,4564084.492307693,60.90461538461538,1716398.4314720812,1,1.0,1,176,,0,0,0,0,0,0,0,1,0,0,0,0,0,0,0,0,0,0,0,0,0,0,0,0,0,0,0,0,1,0,0,0,0,0,1,0,0,0,0,0,0,1,0,0,0,0
45.0,90.0,2,0,4564084.492307693,60.90461538461538,1716398.4314720812,3,1.0,1,252,,0,0,0,0,0,0,0,1,0,0,0,0,0,0,0,0,0,0,0,0,0,0,0,0,0,0,0,0,1,0,0,0,0,0,1,0,0,0,0,0,0,1,0,0,0,0
70.0,680.0,1,9,14968817.0,82.0,1716398.4314720812,2,1.0,1,212,,1,1,0,1,1,1,1,2,0,0,0,0,0,0,0,0,0,0,0,0,0,0,0,0,0,0,0,0,1,0,0,0,0,0,1,0,0,0,0,0,0,1,0,0,0,1
40.0,90.0,1,0,4564084.492307693,60.90461538461538,1716398.4314720812,6,1.0,1,230,,0,0,0,0,0,0,0,1,0,0,0,0,0,0,0,0,0,0,0,0,0,0,0,0,0,0,0,0,1,0,0,0,0,0,1,0,0,0,0,0,0,1,0,0,0,0
50.0,50.0,0,10,2878900.0,70.0,1716398.4314720812,85,1.0,1,255,,1,1,1,1,1,1,1,4,0,0,1,0,0,0,0,0,0,0,0,0,0,0,0,0,0,0,0,0,0,0,0,0,0,0,1,0,0,0,0,0,0,1,0,0,0,0
60.0,720.0,3,9,14968817.0,82.0,1716398.4314720812,1,1.0,1,156,,1,1,0,1,1,1,1,2,0,0,0,0,0,0,0,0,0,0,0,0,0,0,0,0,0,0,0,0,1,0,0,0,0,0,1,0,0,0,0,0,0,1,0,0,0,1
30.0,100.0,2,8,2918923.0,68.0,1540000.0,3,1.0,1,236,,1,1,0,1,1,1,0,2,0,0,0,0,0,0,0,0,0,0,0,0,0,0,0,0,0,0,0,0,1,0,0,0,0,0,1,0,0,0,0,0,0,1,0,0,0,1
38.0,75.0,1,0,4564084.492307693,60.90461538461538,1716398.4314720812,2,1.0,1,266,,0,0,0,0,0,0,0,1,0,0,0,0,0,0,0,0,0,0,0,0,0,0,0,0,0,0,0,0,0,0,0,0,0,0,1,0,0,0,0,0,0,1,0,0,0,0
47.0,52.0,2,5,617811.0,57.0,199000.0,5,1.0,1,218,,0,1,0,0,1,1,1,4,0,0,0,0,0,0,0,0,0,0,0,0,0,0,0,0,0,0,0,0,0,0,0,0,0,0,1,0,0,0,0,0,0,1,0,0,0,0
47.0,55.0,0,5,617811.0,57.0,199000.0,5,1.0,1,296,,0,1,0,0,1,1,1,4,0,0,0,0,0,0,0,0,0,0,0,0,0,0,0,0,0,0,0,0,0,0,0,0,0,0,1,0,0,0,0,0,0,1,0,0,0,0
30.0,30.0,1,7,58222.0,46.0,1716398.4314720812,3,1.0,1,303,,0,1,0,1,1,1,1,1,0,0,0,0,0,0,0,0,0,0,0,0,0,0,0,0,0,0,0,0,0,0,0,0,1,0,1,0,0,0,0,0,0,1,0,0,0,0
47.0,52.0,2,5,617811.0,57.0,199000.0,15,1.0,1,254,,0,1,0,0,1,1,1,4,0,0,0,0,0,0,0,0,0,0,0,0,0,0,0,0,0,0,0,0,0,0,0,0,0,0,1,0,0,0,0,0,0,1,0,0,0,0
35.0,35.0,1,4,213583.0,52.0,1716398.4314720812,85,1.0,1,299,,0,0,0,0,0,1,1,3,0,0,0,0,0,0,0,0,0,0,0,0,0,0,0,0,0,0,0,0,0,0,0,0,0,0,1,0,0,0,1,0,0,1,0,0,0,0
35.0,35.0,0,4,213583.0,52.0,1716398.4314720812,85,1.0,1,244,,0,0,0,0,0,1,1,3,0,0,0,0,0,0,0,0,0,0,0,0,0,0,0,0,0,0,0,0,0,0,0,0,0,0,1,0,0,0,1,0,0,1,0,0,0,0
40.0,65.0,2,9,1169570.0,61.0,1716398.4314720812,3,1.0,1,245,,1,1,0,1,1,1,1,4,0,0,0,0,0,0,0,0,0,0,0,0,0,0,0,0,0,0,0,0,0,0,0,0,0,0,1,0,0,0,0,0,0,1,0,0,0,0
35.0,35.0,0,0,4564084.492307693,60.90461538461538,1716398.4314720812,2,1.0,1,291,,0,0,0,0,0,0,0,1,0,0,0,0,0,0,0,0,0,0,0,0,0,0,0,0,0,0,0,0,0,0,0,0,0,0,1,0,0,0,0,0,0,1,0,0,0,0
47.0,52.0,1,5,617811.0,57.0,199000.0,6,1.0,1,380,,0,1,0,0,1,1,1,4,0,0,0,0,0,0,0,0,0,0,0,0,0,0,0,0,0,0,0,0,0,0,0,0,0,0,1,0,0,0,0,0,0,1,0,0,0,0
40.0,65.0,2,9,1169570.0,61.0,1716398.4314720812,3,1.0,1,331,,1,1,0,1,1,1,1,4,0,0,0,0,0,0,0,0,0,0,0,0,0,0,0,0,0,0,0,0,0,0,0,0,0,0,1,0,0,0,0,0,0,1,0,0,0,0
30.0,80.0,2,0,4564084.492307693,60.90461538461538,1716398.4314720812,2,1.0,1,250,,0,0,0,0,0,0,0,1,0,0,0,0,0,0,0,0,0,0,0,0,0,0,0,0,0,0,0,0,1,0,0,0,0,0,1,0,0,0,0,0,0,1,0,0,0,0
40.0,105.0,2,10,769641.0,64.0,1570000.0,85,1.0,1,316,,1,1,1,1,1,1,1,1,0,0,0,0,0,0,0,0,0,0,0,0,0,0,0,0,0,0,0,0,0,0,0,0,0,0,1,0,0,0,0,0,0,1,0,0,0,0
40.0,40.0,1,10,769641.0,64.0,1570000.0,85,1.0,1,338,,1,1,1,1,1,1,1,1,0,0,0,0,0,0,0,0,0,0,0,0,0,0,0,0,0,0,0,0,0,0,0,0,0,0,1,0,0,0,0,0,0,1,0,0,0,0
47.0,52.0,2,5,617811.0,57.0,199000.0,15,1.0,1,339,,0,1,0,0,1,1,1,4,0,0,0,0,0,0,0,0,0,0,0,0,0,0,0,0,0,0,0,0,0,0,0,0,0,0,1,0,0,0,0,0,0,1,0,0,0,0
47.0,52.0,2,5,617811.0,57.0,199000.0,15,1.0,1,363,,0,1,0,0,1,1,1,4,0,0,0,0,0,0,0,0,0,0,0,0,0,0,0,0,0,0,0,0,0,0,0,0,0,0,1,0,0,0,0,0,0,1,0,0,0,0
38.0,55.0,2,5,4564084.492307693,60.90461538461538,501000.0,65,1.0,1,392,,0,1,0,1,1,0,1,1,0,0,0,0,0,0,0,0,0,0,0,0,0,0,0,0,0,0,0,0,0,0,0,0,0,0,1,0,0,0,0,0,0,1,0,0,0,0
22.0,22.0,0,0,4564084.492307693,60.90461538461538,1716398.4314720812,8,1.0,1,379,,0,0,0,0,0,0,0,1,0,0,0,0,0,0,0,0,0,0,0,0,0,1,0,0,0,0,0,0,0,0,1,0,0,0,0,0,0,0,0,0,0,1,0,0,0,0
22.0,22.0,0,10,47368.0,35.0,1716398.4314720812,13,1.0,1,299,,1,1,1,1,1,1,1,1,0,0,1,0,0,0,0,0,0,0,0,0,0,1,0,0,0,0,0,0,0,0,0,0,0,0,0,0,0,0,0,0,0,1,0,0,0,0
30.0,30.0,0,9,4067514.0,68.0,2180000.0,8,1.0,1,144,,1,1,1,1,1,1,1,6,0,0,0,0,0,0,0,0,0,0,0,0,0,1,0,0,0,0,0,0,0,0,0,0,0,0,1,0,0,0,0,0,0,1,0,0,0,0
25.0,25.0,0,10,41948.0,28.0,5080.0,8,1.0,1,99,,1,1,1,1,1,1,1,3,0,0,0,0,0,0,0,0,0,0,0,0,0,1,0,0,0,0,0,0,0,0,0,0,0,0,1,0,0,0,0,0,0,1,0,0,0,0
25.0,25.0,0,10,41948.0,28.0,5080.0,8,1.0,1,231,,1,1,1,1,1,1,1,3,0,0,0,0,0,0,0,0,0,0,0,0,0,1,0,0,0,0,0,0,0,0,0,0,0,0,1,0,0,0,0,0,0,1,0,0,0,0
25.0,25.0,0,10,41948.0,28.0,5080.0,8,1.0,1,232,,1,1,1,1,1,1,1,3,0,0,0,0,0,0,0,0,0,0,0,0,0,1,0,0,0,0,0,0,0,0,0,0,0,0,1,0,0,0,0,0,0,1,0,0,0,0
20.0,20.0,0,0,4564084.492307693,60.90461538461538,1716398.4314720812,1,1.0,1,233,,0,0,0,0,0,0,0,1,0,0,0,0,0,0,0,0,0,0,0,0,0,1,0,0,0,0,0,0,0,0,0,0,0,0,0,0,0,0,0,0,0,1,0,0,0,0
22.0,27.0,0,1,4564084.492307693,60.90461538461538,1716398.4314720812,16,1.0,1,99,,0,0,0,0,0,0,0,1,0,0,0,0,0,0,0,0,0,0,0,0,0,1,0,0,0,0,0,0,0,0,1,0,0,0,0,1,0,0,0,0,0,1,0,0,0,0
105.0,362.5,3,10,27979560.0,82.0,1716398.4314720812,85,4.0,1,115,,1,1,1,1,1,1,1,3,0,0,0,0,0,0,0,0,0,0,0,0,0,1,1,0,0,0,0,0,0,0,1,0,0,0,0,0,0,0,0,0,0,1,0,0,0,0
105.0,360.0,3,10,27979560.0,82.0,1716398.4314720812,85,4.0,1,103,,1,1,1,1,1,1,1,3,0,0,0,0,0,0,0,0,0,0,0,0,0,1,1,0,0,0,0,0,0,0,1,0,0,0,0,0,0,0,0,0,0,1,0,0,0,0
22.0,22.0,0,1,4564084.492307693,60.90461538461538,1716398.4314720812,8,1.0,1,102,,0,0,0,0,0,0,0,1,0,0,0,0,0,0,0,0,0,0,0,0,0,1,0,0,0,0,0,0,0,0,0,0,0,0,0,0,0,0,0,0,0,1,0,0,0,0
55.0,55.0,2,9,4564084.492307693,60.90461538461538,1716398.4314720812,1,1.0,1,208,,1,1,1,1,1,1,1,1,0,0,1,0,0,0,0,0,0,0,0,0,0,1,0,0,0,0,0,0,0,0,0,0,0,0,0,0,0,0,0,0,0,1,0,0,0,0
22.0,22.0,0,7,5951.0,16.0,1716398.4314720812,8,1.0,1,192,,0,1,0,1,1,1,1,1,0,0,0,0,0,0,0,0,0,0,0,0,0,1,0,0,0,0,0,0,0,0,0,0,0,0,0,0,0,0,0,0,0,1,0,0,0,0
32.0,32.0,0,8,375688.0,50.0,1716398.4314720812,13,1.0,1,383,,0,1,0,1,1,1,1,7,0,0,1,0,0,0,0,0,0,0,0,0,0,1,0,0,0,0,0,0,0,0,0,0,0,0,0,0,0,0,0,0,0,1,0,0,0,0
32.0,32.0,1,8,375688.0,50.0,1716398.4314720812,13,1.0,1,249,,0,1,0,1,1,1,1,7,0,0,1,0,0,0,0,0,0,0,0,0,0,1,0,0,0,0,0,0,0,0,0,0,0,0,0,0,0,0,0,0,0,1,0,0,0,0
27.0,27.0,0,10,79812.0,33.0,15200.0,8,1.0,1,312,,1,1,1,1,1,1,1,4,0,0,1,0,0,0,0,0,0,0,0,0,0,1,0,0,0,0,0,0,0,0,0,0,0,0,0,0,0,0,0,0,0,1,0,0,0,0
25.0,25.0,0,8,30759.0,27.0,1716398.4314720812,10,1.0,1,1036,,1,1,0,1,0,1,1,6,0,1,1,0,0,0,0,1,0,1,0,0,0,0,0,0,0,0,0,0,0,0,0,0,0,0,0,0,0,0,0,0,0,0,0,0,0,0
22.0,22.0,0,0,4564084.492307693,60.90461538461538,1716398.4314720812,28,1.0,1,60,,0,0,0,0,0,0,0,1,0,1,1,0,0,0,0,0,0,0,0,0,0,0,0,1,0,0,0,0,0,0,0,0,0,0,0,0,0,0,0,0,0,0,0,0,0,0
9.0,15.0,0,0,4564084.492307693,60.90461538461538,1716398.4314720812,2,2.0,2,91,,0,0,0,0,0,0,0,1,0,1,1,0,0,0,0,0,0,0,0,0,0,0,0,0,0,0,0,0,0,0,0,0,0,0,1,0,1,0,0,0,0,0,0,0,0,0
22.0,22.0,0,0,4564084.492307693,60.90461538461538,1716398.4314720812,28,1.0,1,10,,0,0,0,0,0,0,0,1,0,1,1,0,0,0,0,0,0,0,0,0,0,0,0,1,0,0,0,0,0,0,0,0,0,0,0,0,0,0,0,0,0,0,0,0,0,0
26.5,26.5,2,0,4564084.492307693,60.90461538461538,1716398.4314720812,1,1.0,1,92,,0,0,0,0,0,0,0,1,0,1,1,0,0,0,0,0,0,0,0,0,0,0,0,0,0,0,0,0,0,0,0,0,1,0,0,0,0,0,0,0,0,0,0,0,0,0
22.0,22.0,0,7,2483.0,15.0,667.0,13,1.0,1,107,,0,1,0,1,1,1,1,1,0,1,1,0,0,0,0,0,0,0,0,0,0,0,0,0,0,0,0,0,0,0,0,0,0,0,1,0,0,0,0,0,0,1,0,0,0,0
20.0,20.0,0,9,82576.0,34.0,1716398.4314720812,28,1.0,1,114,,1,1,0,1,1,1,1,4,0,1,1,0,0,0,0,1,0,1,0,0,0,0,0,0,0,0,0,0,0,0,0,0,0,0,0,0,0,0,0,0,0,0,0,0,0,0
20.0,20.0,0,9,82576.0,34.0,1716398.4314720812,28,1.0,1,72,,1,1,0,1,1,1,1,4,0,1,1,0,0,0,0,1,0,1,0,0,0,0,0,0,0,0,0,0,0,0,0,0,0,0,0,0,0,0,0,0,0,0,0,0,0,0
22.0,22.0,0,7,2483.0,15.0,667.0,13,2.0,2,74,,0,1,0,1,1,1,1,1,0,1,1,0,0,0,0,0,0,0,0,0,0,0,0,0,0,0,0,0,0,0,0,0,0,0,1,0,0,0,0,0,0,1,0,0,0,0
20.0,25.0,2,5,55841.0,44.0,28700.0,8,1.0,1,128,,0,1,0,0,1,0,1,1,0,1,1,0,0,0,0,0,0,0,0,0,0,0,0,0,0,0,0,0,0,0,0,0,0,0,0,0,0,0,0,0,0,0,0,0,0,0
19.0,19.0,0,0,4564084.492307693,60.90461538461538,1716398.4314720812,10,2.0,2,123,,0,0,0,0,0,0,0,1,0,1,1,0,0,0,0,0,0,0,0,0,0,0,0,0,0,0,0,0,0,0,0,0,0,0,0,0,0,0,0,0,0,0,0,0,0,0
19.0,19.0,0,0,4564084.492307693,60.90461538461538,1716398.4314720812,10,1.0,1,37,,0,0,0,0,0,0,0,1,0,1,1,0,0,0,0,0,0,0,0,0,0,0,0,0,0,0,0,0,0,0,0,0,0,0,0,0,0,0,0,0,0,0,0,0,0,0
18.0,18.0,0,7,114893.0,52.0,32200.0,28,1.0,1,38,,0,1,0,1,1,0,1,4,0,1,1,0,0,0,0,1,0,1,0,0,0,0,0,0,0,0,0,0,0,0,0,0,0,0,0,0,0,0,0,0,0,0,0,0,0,0
18.0,18.0,0,7,114893.0,52.0,32200.0,28,2.0,1,203,,0,1,0,1,1,0,1,4,0,1,1,0,0,0,0,1,0,1,0,0,0,0,0,0,0,0,0,0,0,0,0,0,0,0,0,0,0,0,0,0,0,0,0,0,0,0
25.0,25.0,0,0,4564084.492307693,60.90461538461538,1716398.4314720812,10,1.0,1,204,,0,0,0,0,0,0,0,1,0,1,1,0,0,0,0,0,0,1,0,0,0,0,0,0,0,0,0,0,0,0,0,0,0,0,0,0,0,0,0,0,0,0,0,0,0,0
25.0,25.0,1,0,4564084.492307693,60.90461538461538,1716398.4314720812,10,1.0,1,274,,0,0,0,0,0,0,0,1,0,1,1,0,0,0,0,0,0,1,0,0,0,0,0,0,0,0,0,0,0,0,0,0,0,0,0,0,0,0,0,0,0,0,0,0,0,0
25.0,25.0,0,2,4564084.492307693,60.90461538461538,1716398.4314720812,28,1.0,1,177,,0,0,0,0,0,0,1,1,0,1,1,0,0,0,0,0,0,0,0,0,0,0,0,0,0,0,0,0,0,0,0,0,0,0,1,0,0,0,0,0,0,1,0,0,0,0
22.0,22.0,0,0,4564084.492307693,60.90461538461538,1716398.4314720812,13,1.0,1,60,,0,0,0,0,0,0,0,1,0,1,1,0,0,0,0,0,0,0,0,0,0,0,0,0,0,0,0,0,0,0,0,0,0,0,0,0,0,0,0,0,0,1,0,0,0,0
22.0,22.0,0,0,4564084.492307693,60.90461538461538,1716398.4314720812,13,1.0,1,183,,0,0,0,0,0,0,0,1,0,1,1,0,0,0,0,0,0,0,0,0,0,0,0,0,0,0,0,0,0,0,0,0,0,0,0,0,0,0,0,0,0,1,0,0,0,0
22.0,22.0,0,0,4564084.492307693,60.90461538461538,1716398.4314720812,13,1.0,1,185,,0,0,0,0,0,0,0,1,0,1,1,0,0,0,0,0,0,1,0,0,0,0,0,0,0,0,0,0,0,0,0,0,0,0,0,0,0,0,0,0,0,0,0,0,0,0
25.0,25.0,0,2,4564084.492307693,60.90461538461538,1716398.4314720812,28,1.0,1,144,,0,0,0,0,0,0,1,1,0,1,1,0,0,0,0,0,0,0,0,0,0,0,0,0,0,0,0,0,0,0,0,0,0,0,1,0,0,0,0,0,0,1,0,0,0,0
35.0,35.0,1,10,596117.0,62.0,106000.0,28,1.0,1,81,,1,1,1,1,1,1,1,8,0,1,1,0,0,0,0,0,0,0,0,0,0,0,0,0,0,0,0,0,0,0,0,0,0,0,1,0,0,0,0,0,0,1,0,0,0,0
35.0,35.0,0,10,596117.0,62.0,106000.0,28,1.0,1,100,,1,1,1,1,1,1,1,8,0,1,1,0,0,0,0,0,0,0,0,0,0,0,0,0,0,0,0,0,0,0,0,0,0,0,1,0,0,0,0,0,0,1,0,0,0,0
16.0,16.0,0,0,4564084.492307693,60.90461538461538,1716398.4314720812,28,1.0,1,101,,0,0,0,0,0,0,0,1,0,1,1,0,0,0,0,0,0,0,0,0,0,0,0,0,0,0,0,0,0,0,0,0,0,0,1,0,1,0,0,0,0,0,0,0,0,0
35.0,35.0,0,9,358212.0,52.0,1716398.4314720812,28,1.0,1,114,,1,1,0,1,1,1,1,3,0,1,1,0,0,0,0,0,0,0,0,0,0,0,0,0,0,0,0,0,0,0,0,0,0,0,1,0,0,0,0,0,0,1,0,0,0,0
25.0,25.0,0,0,4564084.492307693,60.90461538461538,1716398.4314720812,13,1.0,1,161,,0,0,0,0,0,0,0,1,0,1,1,0,0,0,0,0,0,0,0,0,0,0,0,0,0,0,0,0,0,0,0,0,0,0,0,0,0,0,0,0,0,1,0,0,0,0
35.0,35.0,0,10,346393.0,49.0,1716398.4314720812,28,1.0,1,263,,1,1,1,1,1,1,1,1,0,1,1,0,0,0,0,1,0,1,0,0,0,0,0,0,0,0,0,0,0,0,0,0,0,0,0,0,0,0,0,0,0,0,0,0,0,0
35.0,35.0,0,10,346393.0,49.0,1716398.4314720812,28,1.0,1,385,,1,1,1,1,1,1,1,1,0,1,1,0,0,0,0,1,0,1,0,0,0,0,0,0,0,0,0,0,0,0,0,0,0,0,0,0,0,0,0,0,0,0,0,0,0,0
35.0,35.0,2,10,346393.0,49.0,1716398.4314720812,28,1.0,1,387,,1,1,1,1,1,1,1,1,0,1,1,0,0,0,0,1,0,1,0,0,0,0,0,0,0,0,0,0,0,0,0,0,0,0,0,0,0,0,0,0,0,0,0,0,0,0
25.0,25.0,0,7,151258.0,49.0,62100.0,14,2.0,2,389,,0,1,0,1,1,1,1,2,0,0,0,0,0,0,0,0,0,0,0,0,0,0,0,1,0,0,0,0,0,0,0,0,0,0,0,0,0,0,0,0,0,0,0,0,1,0
30.0,55.0,2,6,403441.0,57.0,317000.0,8,2.0,2,422,,0,1,0,1,1,0,1,4,0,0,0,0,0,0,0,0,0,0,0,0,0,0,0,0,0,0,0,0,0,0,0,0,1,0,0,0,0,0,0,0,0,0,0,0,0,0
35.0,35.0,0,0,4564084.492307693,60.90461538461538,1716398.4314720812,12,1.0,1,130,,0,0,0,0,0,0,0,1,0,0,0,0,0,0,0,0,0,0,0,0,0,0,0,1,0,0,0,0,0,0,0,0,1,0,0,0,0,0,0,0,0,0,0,0,0,0
12.0,12.0,0,0,4564084.492307693,60.90461538461538,1716398.4314720812,17,1.0,1,81,,0,0,0,0,0,0,0,1,0,0,0,0,0,0,0,0,0,0,0,0,0,0,0,0,0,0,0,0,0,0,0,0,1,0,0,0,0,0,0,0,0,0,0,0,0,0
18.0,18.0,0,1,4564084.492307693,60.90461538461538,1716398.4314720812,16,1.0,1,39,,0,0,0,0,0,0,0,1,0,0,0,0,0,0,0,0,0,0,0,0,0,0,0,1,0,0,0,0,0,0,0,0,0,0,0,0,0,0,0,0,0,0,0,0,0,0
25.0,25.0,0,7,151258.0,49.0,62100.0,14,2.0,2,277,,0,1,0,1,1,1,1,2,0,0,0,0,0,0,0,0,0,0,0,0,0,0,0,1,0,0,0,0,0,0,0,0,0,0,0,0,0,0,0,0,0,0,0,0,1,0
30.0,30.0,0,7,276093.0,57.0,252000.0,6,1.0,1,423,,0,1,0,1,1,1,1,2,0,0,0,0,0,0,0,0,0,0,0,0,0,0,0,0,0,0,0,0,0,0,0,0,1,0,1,0,0,0,0,0,0,0,0,0,0,0
35.0,35.0,0,0,4564084.492307693,60.90461538461538,1716398.4314720812,12,2.0,2,78,,0,0,0,0,0,0,0,1,0,0,0,0,0,0,0,0,0,0,0,0,0,0,0,1,0,0,0,0,0,0,0,0,1,0,0,0,0,0,0,0,0,0,0,0,0,0
30.0,30.0,0,7,276093.0,57.0,252000.0,6,1.0,1,83,,0,1,0,1,1,1,1,2,0,0,0,0,0,0,0,0,0,0,0,0,0,0,0,0,0,0,0,0,0,0,0,0,1,0,1,0,0,0,0,0,0,0,0,0,0,0
35.0,35.0,0,0,4564084.492307693,60.90461538461538,1716398.4314720812,12,2.0,2,79,,0,0,0,0,0,0,0,1,0,0,0,0,0,0,0,0,0,0,0,0,0,0,0,1,0,0,0,0,0,0,0,0,1,0,0,0,0,0,0,0,0,0,0,0,0,0
30.0,60.0,1,0,4564084.492307693,60.90461538461538,1716398.4314720812,12,1.0,1,87,,0,0,0,0,0,0,0,1,0,0,0,0,0,0,0,0,0,0,0,0,0,0,0,1,0,0,0,0,0,0,0,0,1,0,0,0,0,0,0,0,0,0,0,0,0,0
22.0,60.0,0,0,4564084.492307693,60.90461538461538,1716398.4314720812,3,1.0,1,88,,0,0,0,0,0,0,0,1,0,0,0,0,0,0,0,0,0,0,0,0,0,0,0,1,0,0,0,0,0,0,0,0,0,0,0,0,0,0,0,0,0,0,0,0,0,0
22.0,22.0,0,0,4564084.492307693,60.90461538461538,1716398.4314720812,22,1.0,1,109,,0,0,0,0,0,0,0,1,0,0,0,0,0,0,0,0,0,0,0,0,0,0,0,1,0,0,0,0,0,0,0,0,1,0,0,0,0,0,0,0,0,0,0,0,0,0
25.0,25.0,0,7,4564084.492307693,60.90461538461538,481000.0,85,1.0,1,154,,0,1,0,1,1,1,1,1,0,0,0,0,1,0,0,0,0,0,0,0,0,0,0,0,0,0,0,0,0,0,0,0,1,0,0,0,0,0,0,0,0,0,0,0,0,0
22.0,60.0,0,0,4564084.492307693,60.90461538461538,1716398.4314720812,3,1.0,1,113,,0,0,0,0,0,0,0,1,0,0,0,0,0,0,0,0,0,0,0,0,0,0,0,1,0,0,0,0,0,0,0,0,0,0,0,0,0,0,0,0,0,0,0,0,0,0
29.0,29.0,2,0,4564084.492307693,60.90461538461538,1716398.4314720812,1,1.0,1,110,,0,0,0,0,0,0,0,1,0,0,0,0,0,0,0,0,0,0,0,0,0,0,0,1,0,0,0,0,0,0,0,0,0,0,0,0,0,0,0,0,0,0,0,0,1,0
22.0,22.0,0,0,4564084.492307693,60.90461538461538,1716398.4314720812,22,1.0,1,83,,0,0,0,0,0,0,0,1,0,0,0,0,0,0,0,0,0,0,0,0,0,0,0,1,0,0,0,0,0,0,0,0,1,0,0,0,0,0,0,0,0,0,0,0,0,0
52.0,144.2,0,1,4564084.492307693,60.90461538461538,1716398.4314720812,1,1.0,1,155,,0,0,0,0,0,0,1,1,0,0,0,0,0,0,0,0,0,0,0,0,0,0,0,0,0,0,0,0,0,0,0,0,1,0,0,0,0,0,0,0,0,0,0,0,0,0
15.0,15.0,0,0,4564084.492307693,60.90461538461538,1716398.4314720812,17,1.0,1,208,,0,0,0,0,0,0,0,1,0,0,0,0,0,0,0,0,0,0,0,0,0,0,0,0,0,0,0,0,0,0,0,0,1,0,0,0,0,0,0,0,0,1,0,0,0,0
30.0,32.0,2,1,4564084.492307693,60.90461538461538,1716398.4314720812,1,1.0,1,40,,0,0,0,0,0,0,0,1,0,0,0,0,0,0,0,1,0,1,0,0,0,0,0,0,0,0,0,0,0,0,0,0,0,0,0,0,0,0,0,0,0,0,0,0,0,0
23.0,23.0,1,5,62286.0,48.0,25500.0,22,1.0,1,31,,0,1,0,1,0,1,0,1,0,0,0,0,0,0,0,0,0,1,0,0,0,0,0,0,0,0,0,0,0,0,0,0,1,0,0,0,0,0,0,0,0,0,0,0,0,0
35.0,35.0,2,0,4564084.492307693,60.90461538461538,1716398.4314720812,1,1.0,1,113,,0,0,0,0,0,0,0,1,0,0,0,0,0,0,0,0,0,0,0,0,0,0,0,0,0,0,0,0,0,0,0,0,1,0,0,0,0,0,0,0,0,0,0,0,0,0
30.0,30.0,0,7,276093.0,57.0,252000.0,6,1.0,1,95,,0,1,0,1,1,1,1,2,0,0,0,0,0,0,0,0,0,0,0,0,0,0,0,0,0,0,0,0,0,0,0,0,1,0,1,0,0,0,0,0,0,0,0,0,0,0
12.0,12.0,0,0,4564084.492307693,60.90461538461538,1716398.4314720812,17,1.0,1,71,,0,0,0,0,0,0,0,1,0,0,0,0,0,0,0,0,0,0,0,0,0,0,0,0,0,0,0,0,0,0,0,0,1,0,0,0,0,0,0,0,0,0,0,0,0,0
15.0,15.0,0,0,4564084.492307693,60.90461538461538,1716398.4314720812,17,1.0,1,33,,0,0,0,0,0,0,0,1,0,0,0,0,0,0,0,0,0,0,0,0,0,0,0,0,0,0,0,0,0,0,0,0,1,0,0,0,0,0,0,0,0,1,0,0,0,0
12.0,12.0,0,0,4564084.492307693,60.90461538461538,1716398.4314720812,17,1.0,1,46,,0,0,0,0,0,0,0,1,0,0,0,0,0,0,0,0,0,0,0,0,0,0,0,0,0,0,0,0,0,0,0,0,1,0,0,0,0,0,0,0,0,0,0,0,0,0
30.0,30.0,0,7,276093.0,57.0,252000.0,6,1.0,1,62,,0,1,0,1,1,1,1,2,0,0,0,0,0,0,0,0,0,0,0,0,0,0,0,0,0,0,0,0,0,0,0,0,1,0,1,0,0,0,0,0,0,0,0,0,0,0
28.0,40.0,2,0,4564084.492307693,60.90461538461538,1716398.4314720812,22,1.0,1,89,,0,0,0,0,0,0,0,1,0,0,0,0,0,0,0,0,0,0,0,0,0,0,0,1,0,0,0,0,0,0,0,0,1,0,0,0,0,0,0,0,0,0,0,0,0,0
12.0,40.0,0,0,4564084.492307693,60.90461538461538,1716398.4314720812,3,1.0,1,176,,0,0,0,0,0,0,0,1,0,0,0,0,0,0,0,0,0,0,0,0,0,0,0,1,0,0,0,0,0,0,0,0,0,0,0,0,0,0,0,0,0,0,0,0,1,0
18.0,18.0,0,0,4564084.492307693,60.90461538461538,1716398.4314720812,28,1.0,1,197,,0,0,0,0,0,0,0,1,0,0,0,0,0,0,0,0,0,1,0,0,0,0,0,1,0,0,0,0,0,0,0,0,0,0,0,0,0,0,0,0,0,0,0,0,0,0
24.0,24.0,1,10,884157.0,70.0,407000.0,85,2.0,1,305,,1,1,1,1,1,1,1,2,0,0,0,0,0,0,0,0,0,0,0,0,0,0,0,0,0,0,0,0,0,0,0,0,1,0,1,0,0,0,0,0,0,1,0,0,0,0
18.0,18.0,0,0,4564084.492307693,60.90461538461538,1716398.4314720812,28,1.0,1,199,,0,0,0,0,0,0,0,1,0,0,0,0,0,0,0,0,0,1,0,0,0,0,0,1,0,0,0,0,0,0,0,0,0,0,0,0,0,0,0,0,0,0,0,0,0,0
24.0,24.0,0,10,884157.0,70.0,407000.0,85,2.0,1,306,,1,1,1,1,1,1,1,2,0,0,0,0,0,0,0,0,0,0,0,0,0,0,0,0,0,0,0,0,0,0,0,0,1,0,1,0,0,0,0,0,0,1,0,0,0,0
35.0,35.0,0,9,141033.0,47.0,7920.0,85,1.0,1,199,,1,1,1,1,0,1,1,5,0,0,0,0,0,0,0,0,0,0,0,0,0,0,0,0,0,0,0,0,0,0,0,0,1,0,1,0,0,0,0,0,0,1,0,0,0,0
25.0,25.0,0,7,151258.0,49.0,62100.0,14,1.0,1,197,,0,1,0,1,1,1,1,2,0,0,0,0,0,0,0,0,0,0,0,0,0,0,0,1,0,0,0,0,0,0,0,0,0,0,0,0,0,0,0,0,0,0,0,0,1,0
18.0,18.0,0,1,4564084.492307693,60.90461538461538,1716398.4314720812,16,1.0,1,457,,0,0,0,0,0,0,0,1,0,0,0,0,0,0,0,0,0,0,0,0,0,0,0,1,0,0,0,0,0,0,0,0,0,0,0,0,0,0,0,0,0,0,0,0,0,0
15.0,15.0,0,0,4564084.492307693,60.90461538461538,1716398.4314720812,17,1.0,1,313,,0,0,0,0,0,0,0,1,0,0,0,0,0,0,0,0,0,0,0,0,0,0,0,0,0,0,0,0,0,0,0,0,1,0,0,0,0,0,0,0,0,1,0,0,0,0
40.0,40.0,0,0,4564084.492307693,60.90461538461538,1716398.4314720812,7,1.0,1,88,,0,0,0,0,0,0,0,1,0,0,0,0,0,0,0,0,0,0,0,0,0,0,0,0,0,0,0,0,0,0,0,0,1,0,1,0,0,0,0,0,0,0,0,0,0,0
35.0,35.0,0,0,4564084.492307693,60.90461538461538,1716398.4314720812,7,1.0,1,47,,0,0,0,0,0,0,0,1,0,0,0,0,0,0,0,0,0,0,0,0,0,0,0,0,0,0,0,0,0,0,0,0,1,0,1,0,0,0,0,0,0,0,0,0,0,0
42.0,42.0,2,0,4564084.492307693,60.90461538461538,1716398.4314720812,7,1.0,1,194,,0,0,0,0,0,0,0,1,0,0,0,0,0,0,0,0,0,0,0,0,0,0,0,0,0,0,0,0,0,0,0,0,1,0,1,0,0,0,0,0,0,0,0,0,0,0
18.0,18.0,0,10,35288.0,31.0,1140.0,28,1.0,1,195,,1,1,1,1,1,1,1,1,0,0,0,0,0,0,0,0,0,0,0,1,0,0,0,1,0,0,0,0,0,0,0,0,0,0,0,0,0,0,0,0,0,0,0,0,0,0
15.0,15.0,0,0,4564084.492307693,60.90461538461538,1716398.4314720812,17,1.0,1,140,,0,0,0,0,0,0,0,1,0,0,0,0,0,0,0,0,0,0,0,0,0,0,0,0,0,0,0,0,0,0,0,0,1,0,0,0,0,0,0,0,0,1,0,0,0,0
18.0,18.0,0,10,35288.0,31.0,1140.0,28,1.0,1,94,,1,1,1,1,1,1,1,1,0,0,0,0,0,0,0,0,0,0,0,1,0,0,0,1,0,0,0,0,0,0,0,0,0,0,0,0,0,0,0,0,0,0,0,0,0,0
22.0,22.0,0,0,4564084.492307693,60.90461538461538,1716398.4314720812,22,1.0,1,141,,0,0,0,0,0,0,0,1,0,0,0,0,0,0,0,0,0,0,0,0,0,0,0,1,0,0,0,0,0,0,0,0,1,0,0,0,0,0,0,0,0,0,0,0,0,0
22.0,22.0,0,0,4564084.492307693,60.90461538461538,1716398.4314720812,22,1.0,1,189,,0,0,0,0,0,0,0,1,0,0,0,0,0,0,0,0,0,0,0,0,0,0,0,1,0,0,0,0,0,0,0,0,1,0,0,0,0,0,0,0,0,0,0,0,0,0
35.0,35.0,0,9,8165077.0,74.0,1716398.4314720812,22,3.0,3,190,,1,1,0,1,1,1,1,3,0,0,0,1,0,0,0,0,0,0,0,0,0,0,0,0,0,0,0,0,0,0,0,0,1,0,0,0,0,0,0,0,0,0,0,0,0,0
10.0,10.0,0,0,4564084.492307693,60.90461538461538,1716398.4314720812,17,1.0,1,154,,0,0,0,0,0,0,0,1,0,0,0,0,0,0,0,0,0,0,0,0,0,0,0,0,0,0,0,0,0,0,0,0,1,0,0,0,0,0,0,0,0,1,0,0,0,0
35.0,35.0,0,9,8165077.0,74.0,1716398.4314720812,22,1.0,1,100,,1,1,0,1,1,1,1,3,0,0,0,1,0,0,0,0,0,0,0,0,0,0,0,0,0,0,0,0,0,0,0,0,1,0,0,0,0,0,0,0,0,0,0,0,0,0
15.0,15.0,0,0,4564084.492307693,60.90461538461538,1716398.4314720812,17,1.0,1,155,,0,0,0,0,0,0,0,1,0,0,0,0,0,0,0,0,0,0,0,0,0,0,0,0,0,0,0,0,0,0,0,0,1,0,0,0,0,0,0,0,0,1,0,0,0,0
20.0,20.0,0,0,4564084.492307693,60.90461538461538,1716398.4314720812,2,1.0,1,101,,0,0,0,0,0,0,0,1,0,0,0,0,0,0,0,0,0,0,0,0,0,0,0,0,0,0,0,0,0,0,0,0,1,0,0,0,0,0,0,0,0,0,0,0,0,0
22.0,22.0,0,0,4564084.492307693,60.90461538461538,1716398.4314720812,22,1.0,1,87,,0,0,0,0,0,0,0,1,0,0,0,0,0,0,0,0,0,0,0,0,0,0,0,1,0,0,0,0,0,0,0,0,1,0,0,0,0,0,0,0,0,0,0,0,0,0
40.0,40.0,1,9,8165077.0,74.0,1716398.4314720812,22,1.0,1,197,,1,1,0,1,1,1,1,3,0,0,0,1,0,0,0,0,0,0,0,0,0,0,0,0,0,0,0,0,0,0,0,0,1,0,0,0,0,0,0,0,0,0,0,0,0,0
40.0,40.0,2,9,8165077.0,74.0,1716398.4314720812,22,1.0,1,157,,1,1,0,1,1,1,1,3,0,0,0,1,0,0,0,0,0,0,0,0,0,0,0,0,0,0,0,0,0,0,0,0,1,0,0,0,0,0,0,0,0,0,0,0,0,0
24.0,24.0,0,0,4564084.492307693,60.90461538461538,1716398.4314720812,85,1.0,1,158,,0,0,0,0,0,0,0,1,0,0,0,0,0,0,0,0,0,0,0,0,0,0,0,1,0,0,0,0,0,0,0,0,1,0,0,0,0,0,0,0,0,0,0,0,0,0
24.0,24.0,0,0,4564084.492307693,60.90461538461538,1716398.4314720812,85,1.0,1,309,,0,0,0,0,0,0,0,1,0,0,0,0,0,0,0,0,0,0,0,0,0,0,0,1,0,0,0,0,0,0,0,0,1,0,0,0,0,0,0,0,0,0,0,0,0,0
35.0,35.0,0,9,8165077.0,74.0,1716398.4314720812,22,1.0,1,310,,1,1,0,1,1,1,1,3,0,0,0,1,0,0,0,0,0,0,0,0,0,0,0,0,0,0,0,0,0,0,0,0,1,0,0,0,0,0,0,0,0,0,0,0,0,0
25.0,25.0,2,0,4564084.492307693,60.90461538461538,1716398.4314720812,14,1.0,1,161,,0,0,0,0,0,0,0,1,0,0,0,0,0,0,0,0,0,0,1,0,0,0,0,0,0,0,0,0,0,0,0,0,0,0,0,0,0,0,0,0,0,0,0,0,0,1
20.0,20.0,1,6,4564084.492307693,60.90461538461538,1716398.4314720812,10,1.0,1,197,,1,1,0,1,0,0,1,1,0,0,0,0,0,0,0,0,0,1,0,0,0,0,0,0,0,0,0,0,0,0,0,0,0,0,1,0,0,0,0,0,0,1,0,0,0,0
27.0,27.0,1,6,403441.0,57.0,317000.0,1,1.0,1,78,,0,1,0,1,1,0,1,4,0,0,0,0,0,0,0,0,0,0,1,0,0,0,0,0,0,0,0,0,0,0,0,0,1,0,0,0,0,0,0,0,0,0,0,0,0,1
13.0,13.0,0,0,4564084.492307693,60.90461538461538,1716398.4314720812,17,1.0,1,116,,0,0,0,0,0,0,0,1,0,0,0,0,0,0,0,0,0,0,0,0,0,0,0,0,0,0,0,0,0,0,0,0,1,0,0,0,0,0,0,0,0,1,0,0,0,0
20.0,20.0,0,6,4564084.492307693,60.90461538461538,1716398.4314720812,10,1.0,1,109,,1,1,0,1,0,0,1,1,0,0,0,0,0,0,0,0,0,1,0,0,0,0,0,0,0,0,0,0,0,0,0,0,0,0,1,0,0,0,0,0,0,1,0,0,0,0
35.0,35.0,1,7,276093.0,57.0,252000.0,6,1.0,1,79,,0,1,0,1,1,1,1,2,0,0,0,0,0,0,0,0,0,0,0,0,0,0,0,0,0,0,0,0,0,0,0,0,1,0,1,0,0,0,0,0,0,0,0,0,0,0
18.0,18.0,0,0,4564084.492307693,60.90461538461538,1716398.4314720812,1,1.0,1,131,,0,0,0,0,0,0,0,1,0,0,0,0,0,0,0,0,0,0,0,0,0,0,0,1,0,0,0,0,0,0,0,0,0,0,0,0,0,0,0,0,0,0,0,0,1,0
45.0,500.0,1,7,1849757.0,60.0,949000.0,5,1.0,1,93,,0,1,0,1,1,1,1,2,0,0,0,0,0,0,0,0,0,0,0,0,0,0,0,0,0,0,0,0,1,0,0,0,1,0,0,0,0,0,0,0,0,0,0,0,0,1
35.0,80.0,2,7,1849757.0,60.0,949000.0,5,2.0,1,86,,0,1,0,1,1,1,1,2,0,0,0,0,0,0,0,0,0,0,0,0,0,0,0,0,0,0,0,0,1,0,0,0,1,0,0,0,0,0,0,0,0,0,0,0,0,1
25.0,25.0,0,9,184252.0,58.0,1716398.4314720812,28,1.0,1,87,,1,1,0,1,1,1,1,3,0,0,0,0,0,0,0,0,0,1,0,0,0,0,0,0,0,0,0,0,0,0,0,0,0,0,0,0,0,0,0,0,0,0,0,0,0,0
25.0,25.0,0,9,184252.0,58.0,1716398.4314720812,28,1.0,1,163,,1,1,0,1,1,1,1,3,0,0,0,0,0,0,0,0,0,1,0,0,0,0,0,0,0,0,0,0,0,0,0,0,0,0,0,0,0,0,0,0,0,0,0,0,0,0
55.0,500.0,0,7,1849757.0,60.0,949000.0,5,1.0,1,164,,0,1,0,1,1,1,1,2,0,0,0,0,0,0,0,0,0,0,0,0,0,0,0,0,0,0,0,0,1,0,0,0,1,0,0,0,0,0,0,0,0,0,0,0,0,1
24.0,24.0,1,0,4564084.492307693,60.90461538461538,1716398.4314720812,2,2.0,1,98,,0,0,0,0,0,0,0,1,0,0,0,0,0,0,0,0,0,1,0,0,0,0,0,0,0,0,0,0,0,0,0,0,0,0,0,0,0,0,0,0,0,0,0,0,0,0
13.0,13.0,0,0,4564084.492307693,60.90461538461538,1716398.4314720812,17,1.0,1,102,,0,0,0,0,0,0,0,1,0,0,0,0,0,0,0,0,0,0,0,0,0,0,0,0,0,0,0,0,0,0,0,0,1,0,0,0,0,0,0,0,0,1,0,0,0,0
23.0,23.0,0,0,4564084.492307693,60.90461538461538,1716398.4314720812,85,1.0,1,96,,0,0,0,0,0,0,0,1,0,0,0,0,0,0,0,0,0,0,0,0,0,0,0,1,0,0,0,0,0,0,0,0,0,0,0,0,0,0,0,0,0,0,0,0,0,0
17.0,17.0,0,0,4564084.492307693,60.90461538461538,1716398.4314720812,17,1.0,1,111,,0,0,0,0,0,0,0,1,0,0,0,1,0,0,0,0,0,0,0,0,0,0,0,0,0,0,0,0,0,0,0,0,1,0,0,0,0,0,0,0,0,0,0,0,0,0
13.0,13.0,0,0,4564084.492307693,60.90461538461538,1716398.4314720812,17,1.0,1,114,,0,0,0,0,0,0,0,1,0,0,0,0,0,0,0,0,0,0,0,0,0,0,0,0,0,0,0,0,0,0,0,0,1,0,0,0,0,0,0,0,0,1,0,0,0,0
15.0,15.0,0,0,4564084.492307693,60.90461538461538,1716398.4314720812,17,1.0,1,102,,0,0,0,0,0,0,0,1,0,0,0,0,0,0,0,0,0,0,0,0,0,0,0,0,0,0,0,0,0,0,0,0,1,0,0,0,0,0,0,0,0,1,0,0,0,0
22.0,22.0,0,0,4564084.492307693,60.90461538461538,1716398.4314720812,22,1.0,1,137,,0,0,0,0,0,0,0,1,0,0,0,0,0,0,0,0,0,0,0,0,0,0,0,1,0,0,0,0,0,0,0,0,1,0,0,0,0,0,0,0,0,0,0,0,0,0
23.0,23.0,0,0,4564084.492307693,60.90461538461538,1716398.4314720812,85,1.0,1,155,,0,0,0,0,0,0,0,1,0,0,0,0,0,0,0,0,0,0,0,0,0,0,0,1,0,0,0,0,0,0,0,0,0,0,0,0,0,0,0,0,0,0,0,0,0,0
35.0,500.0,1,7,1849757.0,60.0,949000.0,5,1.0,1,113,,0,1,0,1,1,1,1,2,0,0,0,0,0,0,0,0,0,0,0,0,0,0,0,0,0,0,0,0,1,0,0,0,1,0,0,0,0,0,0,0,0,0,0,0,0,1
23.0,23.0,0,0,4564084.492307693,60.90461538461538,1716398.4314720812,85,1.0,1,107,,0,0,0,0,0,0,0,1,0,0,0,0,0,0,0,0,0,0,0,0,0,0,0,1,0,0,0,0,0,0,0,0,0,0,0,0,0,0,0,0,0,0,0,0,0,0
16.0,16.0,0,0,4564084.492307693,60.90461538461538,1716398.4314720812,17,1.0,1,117,,0,0,0,0,0,0,0,1,0,0,0,0,0,0,0,0,0,0,0,0,0,0,0,0,0,0,0,0,0,0,0,0,1,0,0,0,0,0,0,0,0,1,0,0,0,0
28.0,85.0,3,5,10258688.0,82.0,7280000.0,12,1.0,1,170,,0,1,0,1,1,1,0,5,0,0,0,0,0,0,0,0,0,0,0,0,0,0,0,1,0,0,0,0,0,0,0,0,1,0,0,0,0,0,0,0,0,0,0,0,0,0
40.0,150.0,2,10,2624111.0,64.0,1716398.4314720812,85,1.0,1,337,,1,1,1,1,1,1,1,3,0,0,0,0,0,0,0,0,0,0,0,0,0,0,0,0,0,0,0,0,0,0,0,0,1,0,1,0,0,0,0,0,0,1,0,0,0,0
30.36,87.5,0,8,1119068.0,63.0,882000.0,65,3.0,1,122,,0,1,0,1,1,1,1,4,0,0,0,0,0,0,0,0,0,0,0,0,0,0,0,0,0,0,0,0,0,0,0,0,0,0,1,0,0,0,0,0,0,0,0,0,0,0
40.0,55.0,2,9,1893780.0,71.0,1716398.4314720812,2,1.0,1,170,,1,1,1,1,0,1,1,3,0,0,0,0,0,0,0,0,0,0,1,0,0,0,0,0,0,0,0,0,0,0,0,0,0,0,1,0,0,0,0,0,0,1,0,0,0,1
30.0,150.0,2,0,4564084.492307693,60.90461538461538,1716398.4314720812,12,1.0,1,191,,0,0,0,0,0,0,0,1,0,0,0,0,0,0,0,0,0,0,0,0,0,0,0,0,0,0,0,0,0,0,0,0,1,0,1,0,0,0,0,0,0,0,0,0,0,0
65.18,130.36,0,5,14325730.0,88.0,12800000.0,65,2.0,1,157,,0,1,0,1,1,1,0,3,0,0,0,0,0,0,0,0,0,0,0,0,0,0,0,1,0,0,0,0,0,0,0,0,0,0,0,0,0,0,0,0,0,0,0,0,0,0
34.82,87.5,0,0,4564084.492307693,60.90461538461538,1716398.4314720812,65,2.0,1,216,,0,0,0,0,0,0,0,1,0,0,0,0,0,0,0,0,0,0,0,0,0,0,0,0,0,0,0,0,0,0,0,0,0,0,1,0,0,0,0,0,0,0,0,0,0,0
25.0,90.0,2,8,14280297.0,81.0,11200000.0,6,1.0,1,160,,0,1,0,1,1,1,1,3,0,0,0,0,0,0,0,0,0,0,0,0,0,0,0,0,0,0,0,0,1,0,0,0,0,0,0,0,0,0,0,0,0,0,0,0,0,1
40.0,92.0,1,7,127899.0,49.0,78500.0,2,1.0,1,400,,0,1,0,1,1,1,1,2,0,0,0,0,0,0,0,0,0,0,1,0,0,0,0,0,0,0,0,0,0,0,0,0,0,0,0,0,0,0,0,0,0,0,0,0,0,1
56.25,148.21,0,0,4564084.492307693,60.90461538461538,1716398.4314720812,65,4.0,1,199,,0,0,0,0,0,0,0,1,0,0,0,0,0,0,0,0,0,0,0,0,0,0,0,0,0,0,0,0,1,0,0,0,0,0,0,0,0,0,0,0,0,0,0,0,0,0
44.64,127.68,0,0,4564084.492307693,60.90461538461538,1716398.4314720812,65,4.0,1,219,,0,0,0,0,0,0,0,1,0,0,0,0,0,0,0,0,0,0,0,0,0,0,0,0,0,0,0,0,1,0,0,0,0,0,0,0,0,0,0,0,0,0,0,0,0,0
32.14,89.29,0,10,3279306.0,73.0,1716398.4314720812,65,2.0,1,221,,1,1,1,1,1,1,1,3,0,0,1,0,0,0,0,0,0,0,0,0,0,0,0,0,0,0,0,0,0,0,0,0,0,0,0,0,0,0,0,0,0,1,0,0,0,0
30.0,150.0,1,8,14280297.0,81.0,11200000.0,6,1.0,1,174,,0,1,0,1,1,1,1,3,0,0,0,0,0,0,0,0,0,0,0,0,0,0,0,0,0,0,0,0,1,0,0,0,0,0,0,0,0,0,0,0,0,0,0,0,0,1
65.18,160.71,0,5,2918356.0,72.0,2380000.0,65,7.0,1,407,,0,1,0,1,1,1,0,3,0,0,0,0,0,0,0,0,0,0,0,0,0,0,0,0,0,0,0,0,0,0,0,0,0,0,1,0,0,1,0,0,0,0,0,0,0,0
49.11,109.82,0,5,2918356.0,72.0,2380000.0,65,7.0,1,200,,0,1,0,1,1,1,0,3,0,0,0,0,0,0,0,0,0,0,0,0,0,0,0,0,0,0,0,0,0,0,0,0,0,0,1,0,0,1,0,0,0,0,0,0,0,0
25.0,70.0,0,9,189866.0,48.0,1716398.4314720812,5,1.0,1,171,,1,1,0,1,1,1,1,4,0,0,0,0,0,0,0,0,0,0,1,0,0,0,0,0,0,0,0,0,0,0,0,0,0,0,0,0,0,0,0,0,0,0,0,0,0,1
25.0,70.0,0,0,4564084.492307693,60.90461538461538,1716398.4314720812,5,1.0,1,190,,0,0,0,0,0,0,0,1,0,0,0,0,0,0,0,0,1,0,1,0,0,0,0,0,0,0,0,0,0,0,0,0,0,0,0,0,0,0,0,0,0,0,0,0,0,1
15.0,30.0,0,0,4564084.492307693,60.90461538461538,1716398.4314720812,5,1.0,1,191,,0,0,0,0,0,0,0,1,1,0,0,0,0,0,0,0,0,0,1,0,0,0,0,0,0,0,0,0,0,0,0,0,0,0,1,0,0,0,0,0,0,0,0,0,0,1
60.0,100.0,0,9,938336.0,65.0,1716398.4314720812,2,1.0,1,192,,0,1,1,1,1,1,1,2,0,0,0,0,1,0,0,0,0,0,0,0,0,0,0,0,0,0,1,0,0,0,0,0,0,0,1,0,0,0,0,0,0,1,0,0,0,0
20.0,40.0,0,0,4564084.492307693,60.90461538461538,1716398.4314720812,5,1.0,1,219,,0,0,0,0,0,0,0,1,0,0,0,0,0,0,0,0,0,0,1,0,0,0,0,0,0,0,0,0,0,0,0,0,0,0,0,0,0,0,0,0,0,0,0,0,0,1
25.0,70.0,0,8,135942.0,49.0,5690.0,5,1.0,1,193,,0,1,0,1,1,1,1,3,0,0,0,0,0,0,0,0,0,0,1,0,0,0,0,0,0,0,0,0,0,0,0,0,0,0,0,0,0,0,0,1,0,0,0,1,0,1
31.25,71.43,0,8,1119068.0,63.0,882000.0,65,3.0,1,194,,0,1,0,1,1,1,1,4,0,0,0,0,0,0,0,0,0,0,0,0,0,0,0,0,0,0,0,0,0,0,0,0,0,0,1,0,0,0,0,0,0,0,0,0,0,0
30.0,75.0,0,0,4564084.492307693,60.90461538461538,1716398.4314720812,65,1.0,1,199,,0,0,0,0,0,0,0,1,0,0,0,0,0,0,0,0,0,0,0,0,0,0,0,0,0,0,0,0,0,0,0,0,0,0,1,0,0,0,0,0,0,0,0,0,0,0
39.29,116.07,0,9,4176107.0,71.0,243000.0,65,2.0,1,267,,1,1,0,1,1,1,1,5,0,0,0,0,0,0,0,0,0,0,0,0,0,0,0,0,0,0,0,0,0,0,0,0,0,0,1,0,1,0,0,0,0,0,0,0,0,0
43.0,43.0,2,5,4564084.492307693,60.90461538461538,1716398.4314720812,7,1.0,1,226,,0,1,0,1,1,0,1,1,0,0,0,0,0,0,0,0,0,0,0,0,0,0,0,0,0,0,0,0,0,0,0,0,1,0,0,0,0,0,0,0,1,0,0,0,0,0
44.0,44.0,1,5,4564084.492307693,60.90461538461538,1716398.4314720812,7,1.0,1,474,,0,1,0,1,1,0,1,1,0,0,0,0,0,0,0,0,0,0,0,0,0,0,0,0,0,0,0,0,0,0,0,0,1,0,0,0,0,0,0,0,1,0,0,0,0,0
36.6,65.7,0,0,4564084.492307693,60.90461538461538,1716398.4314720812,4,1.0,1,476,,0,0,0,0,0,0,0,1,0,0,0,0,0,1,1,0,0,0,0,0,0,0,0,0,0,0,0,0,0,0,0,0,1,0,0,0,0,0,0,0,0,0,0,0,0,0
36.6,65.7,0,0,4564084.492307693,60.90461538461538,1716398.4314720812,4,1.0,1,436,,0,0,0,0,0,0,0,1,0,0,0,0,0,1,1,0,0,0,0,0,0,0,0,0,0,0,0,0,0,0,0,0,1,0,0,0,0,0,0,0,0,0,0,0,0,0
36.6,75.4,1,0,4564084.492307693,60.90461538461538,1716398.4314720812,4,1.0,1,436,,0,0,0,0,0,0,0,1,0,0,0,0,0,1,1,0,0,0,0,0,0,0,0,0,0,0,0,0,0,0,0,0,1,0,0,0,0,0,0,0,0,0,0,0,0,0
36.6,75.4,1,0,4564084.492307693,60.90461538461538,1716398.4314720812,4,1.0,1,450,,0,0,0,0,0,0,0,1,0,0,0,0,0,1,1,0,0,0,0,0,0,0,0,0,0,0,0,0,0,0,0,0,1,0,0,0,0,0,0,0,0,0,0,0,0,0
25.0,80.0,2,10,3903875.0,73.0,1716398.4314720812,85,2.0,1,258,,1,1,1,1,1,1,1,3,0,0,0,0,0,0,0,0,0,0,0,0,0,0,0,0,0,0,0,0,0,0,0,0,0,0,1,0,0,0,0,0,0,1,0,0,0,0
60.0,60.0,0,5,617811.0,57.0,199000.0,15,2.0,1,176,,0,1,0,0,1,1,1,4,0,0,0,0,0,0,0,0,0,0,0,0,0,0,0,0,0,0,0,0,0,0,0,0,0,0,1,0,0,0,0,0,0,1,0,0,0,0
40.0,90.0,2,0,4564084.492307693,60.90461538461538,1716398.4314720812,3,2.0,1,91,,0,0,0,0,0,0,0,1,0,0,0,0,0,0,0,0,0,0,0,0,0,0,0,0,0,0,0,0,1,0,0,0,0,0,1,0,0,0,0,0,0,1,0,0,0,0
35.0,60.0,2,8,270235.0,54.0,39300.0,1,1.0,1,106,,0,1,0,1,1,1,1,5,0,0,0,0,0,0,0,0,0,0,0,0,0,0,0,0,0,0,0,0,1,0,0,0,0,0,1,0,0,0,0,0,0,1,0,0,0,1
85.0,260.0,2,10,10615731.0,78.0,1716398.4314720812,10,2.0,1,107,,1,1,1,1,1,1,1,6,0,0,0,0,0,0,0,0,0,0,0,0,0,0,0,0,0,0,0,0,1,0,0,0,0,0,1,0,0,0,0,0,0,1,0,0,0,1
81.0,280.0,1,10,8601325.0,75.0,1716398.4314720812,5,5.0,2,197,,1,1,1,1,1,1,1,7,0,0,1,0,0,0,0,0,0,0,0,0,0,0,0,0,0,0,0,0,0,0,0,0,0,0,1,0,0,0,0,0,0,1,0,0,0,0
48.0,185.0,2,10,5976238.0,73.0,5960000.0,22,1.0,1,136,,1,1,1,1,1,1,1,3,0,0,0,0,0,0,0,0,0,0,0,0,0,0,0,0,0,0,0,0,1,0,0,0,0,0,1,0,0,0,0,0,0,1,0,0,0,1
30.0,50.0,0,7,235341.0,61.0,203000.0,65,1.0,1,136,,0,1,0,1,1,1,1,1,0,0,0,0,0,0,0,0,0,0,0,0,0,0,0,0,0,0,0,0,0,0,0,0,0,0,1,0,0,0,0,0,0,1,0,0,0,0
30.0,50.0,0,7,235341.0,61.0,203000.0,65,1.0,1,232,,0,1,0,1,1,1,1,1,0,0,0,0,0,0,0,0,0,0,0,0,0,0,0,0,0,0,0,0,0,0,0,0,0,0,1,0,0,0,0,0,0,1,0,0,0,0
30.0,50.0,0,7,235341.0,61.0,203000.0,65,1.0,1,238,,0,1,0,1,1,1,1,1,0,0,0,0,0,0,0,0,0,0,0,0,0,0,0,0,0,0,0,0,0,0,0,0,0,0,1,0,0,0,0,0,0,1,0,0,0,0
32.0,45.0,2,5,46531.0,47.0,1716398.4314720812,1,1.0,1,233,,0,1,0,1,1,0,1,3,0,0,0,1,0,0,0,0,0,0,0,0,0,0,0,0,0,0,0,0,0,0,0,0,0,0,1,0,0,0,0,0,0,1,0,0,0,0
30.0,50.0,0,7,235341.0,61.0,203000.0,65,1.0,1,239,,0,1,0,1,1,1,1,1,0,0,0,0,0,0,0,0,0,0,0,0,0,0,0,0,0,0,0,0,0,0,0,0,0,0,1,0,0,0,0,0,0,1,0,0,0,0
30.0,30.0,0,10,183887.0,46.0,1716398.4314720812,65,1.0,1,250,,1,1,1,1,1,1,1,1,0,0,1,0,0,0,0,0,0,0,0,0,0,0,0,0,0,0,0,0,0,0,0,0,0,0,1,0,0,0,0,0,0,1,0,0,0,0
30.0,50.0,0,7,235341.0,61.0,203000.0,65,1.0,1,259,,0,1,0,1,1,1,1,1,0,0,0,0,0,0,0,0,0,0,0,0,0,0,0,0,0,0,0,0,0,0,0,0,0,0,1,0,0,0,0,0,0,1,0,0,0,0
30.0,50.0,0,7,235341.0,61.0,203000.0,65,1.0,1,259,,0,1,0,1,1,1,1,1,0,0,0,0,0,0,0,0,0,0,0,0,0,0,0,0,0,0,0,0,0,0,0,0,0,0,1,0,0,0,0,0,0,1,0,0,0,0
30.0,50.0,0,7,235341.0,61.0,203000.0,65,1.0,1,260,,0,1,0,1,1,1,1,1,0,0,0,0,0,0,0,0,0,0,0,0,0,0,0,0,0,0,0,0,0,0,0,0,0,0,1,0,0,0,0,0,0,1,0,0,0,0
30.0,50.0,0,7,235341.0,61.0,203000.0,65,1.0,1,266,,0,1,0,1,1,1,1,1,0,0,0,0,0,0,0,0,0,0,0,0,0,0,0,0,0,0,0,0,0,0,0,0,0,0,1,0,0,0,0,0,0,1,0,0,0,0
30.0,50.0,2,7,235341.0,61.0,203000.0,65,1.0,1,267,,0,1,0,1,1,1,1,1,0,0,0,0,0,0,0,0,0,0,0,0,0,0,0,0,0,0,0,0,0,0,0,0,0,0,1,0,0,0,0,0,0,1,0,0,0,0
105.0,340.0,3,10,27979560.0,82.0,1716398.4314720812,85,4.0,1,274,,1,1,1,1,1,1,1,3,0,0,0,0,0,0,0,0,0,0,0,0,0,1,1,0,0,0,0,0,0,0,1,0,0,0,0,0,0,0,0,0,0,1,0,0,0,0
105.0,300.0,3,10,27979560.0,82.0,1716398.4314720812,85,4.0,1,288,,1,1,1,1,1,1,1,3,0,0,0,0,0,0,0,0,0,0,0,0,0,1,1,0,0,0,0,0,0,0,1,0,0,0,0,0,0,0,0,0,0,1,0,0,0,0
32.0,32.0,0,6,629702.0,51.0,56800.0,28,1.0,1,128,,0,1,0,1,1,0,1,5,0,1,1,0,0,0,0,0,0,0,0,0,0,0,0,0,0,0,0,0,0,0,0,0,0,0,1,0,0,0,0,0,0,1,0,0,0,0
32.0,32.0,1,6,629702.0,51.0,56800.0,28,1.0,1,37,,0,1,0,1,1,0,1,5,0,1,1,0,0,0,0,0,0,0,0,0,0,0,0,0,0,0,0,0,0,0,0,0,0,0,1,0,0,0,0,0,0,1,0,0,0,0
25.0,25.0,0,10,283610.0,43.0,1716398.4314720812,28,1.0,1,181,,1,1,1,1,1,1,1,3,0,1,1,0,0,0,0,0,0,0,0,0,0,0,0,0,0,0,0,0,0,0,0,0,0,0,0,0,0,0,0,0,0,1,0,0,0,0
25.0,25.0,0,10,283610.0,43.0,1716398.4314720812,28,1.0,1,183,,1,1,1,1,1,1,1,3,0,1,1,0,0,0,0,0,0,0,0,0,0,0,0,0,0,0,0,0,0,0,0,0,0,0,0,0,0,0,0,0,0,1,0,0,0,0
25.0,25.0,0,10,239050.0,52.0,1716398.4314720812,85,2.0,1,192,,1,1,1,1,1,1,1,4,0,1,1,0,0,0,0,0,0,0,0,0,0,0,0,0,0,0,0,0,0,0,0,0,0,0,0,0,0,0,0,0,0,1,0,0,0,0
25.0,25.0,0,10,239050.0,52.0,1716398.4314720812,85,2.0,1,193,,1,1,1,1,1,1,1,4,0,1,1,0,0,0,0,0,0,0,0,0,0,0,0,0,0,0,0,0,0,0,0,0,0,0,0,0,0,0,0,0,0,1,0,0,0,0
25.0,25.0,0,10,239050.0,52.0,1716398.4314720812,85,2.0,1,219,,1,1,1,1,1,1,1,4,0,1,1,0,0,0,0,0,0,0,0,0,0,0,0,0,0,0,0,0,0,0,0,0,0,0,0,0,0,0,0,0,0,1,0,0,0,0
23.0,23.0,0,7,114893.0,52.0,32200.0,28,2.0,1,220,,0,1,0,1,1,0,1,4,0,1,1,0,0,0,0,1,0,1,0,0,0,0,0,0,0,0,0,0,0,0,0,0,0,0,0,0,0,0,0,0,0,0,0,0,0,0
26.0,26.0,0,10,105295.0,45.0,1716398.4314720812,13,1.0,1,222,,1,1,1,1,1,1,1,1,0,1,1,0,0,0,0,0,0,0,0,0,0,0,0,0,0,0,0,0,0,0,0,0,0,0,0,0,0,0,0,0,0,1,0,0,0,0
26.0,26.0,0,10,105295.0,45.0,1716398.4314720812,13,1.0,1,246,,1,1,1,1,1,1,1,1,0,1,1,0,0,0,0,0,0,0,0,0,0,0,0,0,0,0,0,0,0,0,0,0,0,0,0,0,0,0,0,0,0,1,0,0,0,0
26.0,26.0,0,10,105295.0,45.0,1716398.4314720812,13,1.0,1,251,,1,1,1,1,1,1,1,1,0,1,1,0,0,0,0,0,0,0,0,0,0,0,0,0,0,0,0,0,0,0,0,0,0,0,0,0,0,0,0,0,0,1,0,0,0,0
22.0,22.0,0,7,113924.0,57.0,3740.0,28,1.0,1,252,,0,1,0,1,1,1,1,3,0,1,1,0,0,0,0,0,0,1,0,0,1,0,0,0,0,0,0,0,0,0,0,0,0,0,0,0,0,0,0,0,0,0,0,0,0,0
22.0,22.0,0,7,113924.0,57.0,3740.0,28,1.0,1,254,,0,1,0,1,1,1,1,3,0,1,1,0,0,0,0,0,0,1,0,0,1,0,0,0,0,0,0,0,0,0,0,0,0,0,0,0,0,0,0,0,0,0,0,0,0,0
35.0,35.0,2,6,403441.0,57.0,317000.0,1,1.0,1,80,,0,1,0,1,1,0,1,4,0,0,0,0,0,0,0,0,0,0,1,0,0,0,0,0,0,0,0,0,0,0,0,0,1,0,0,0,0,0,0,0,0,0,0,0,0,1
25.0,25.0,0,7,4564084.492307693,60.90461538461538,481000.0,85,1.0,1,79,,0,1,0,1,1,1,1,1,0,0,0,0,1,0,0,0,0,0,0,0,0,0,0,0,0,0,0,0,0,0,0,0,1,0,0,0,0,0,0,0,0,0,0,0,0,0
20.0,25.0,1,7,276093.0,57.0,252000.0,6,1.0,1,67,,0,1,0,1,1,1,1,2,0,0,0,0,0,0,0,0,0,0,0,0,0,0,0,0,0,0,0,0,0,0,0,0,1,0,1,0,0,0,0,0,0,0,0,0,0,0
35.0,35.0,0,0,4564084.492307693,60.90461538461538,1716398.4314720812,12,1.0,1,114,,0,0,0,0,0,0,0,1,0,0,0,0,0,0,0,0,0,0,0,0,0,0,0,1,0,0,0,0,0,0,0,0,1,0,0,0,0,0,0,0,0,0,0,0,0,0
22.0,22.0,0,0,4564084.492307693,60.90461538461538,1716398.4314720812,22,1.0,1,74,,0,0,0,0,0,0,0,1,0,0,0,0,0,0,0,0,0,0,0,0,0,0,0,1,0,0,0,0,0,0,0,0,1,0,0,0,0,0,0,0,0,0,0,0,0,0
30.0,60.0,2,0,4564084.492307693,60.90461538461538,1716398.4314720812,12,1.0,1,31,,0,0,0,0,0,0,0,1,0,0,0,0,0,0,0,0,0,0,0,0,0,0,0,1,0,0,0,0,0,0,0,0,1,0,0,0,0,0,0,0,0,0,0,0,0,0
25.0,25.0,1,7,151258.0,49.0,62100.0,14,1.0,1,161,,0,1,0,1,1,1,1,2,0,0,0,0,0,0,0,0,0,0,0,0,0,0,0,1,0,0,0,0,0,0,0,0,0,0,0,0,0,0,0,0,0,0,0,0,1,0
22.0,22.0,0,0,4564084.492307693,60.90461538461538,1716398.4314720812,22,1.0,1,95,,0,0,0,0,0,0,0,1,0,0,0,0,0,0,0,0,0,0,0,0,0,0,0,1,0,0,0,0,0,0,0,0,1,0,0,0,0,0,0,0,0,0,0,0,0,0
23.0,27.0,2,0,4564084.492307693,60.90461538461538,1716398.4314720812,8,2.0,1,437,,0,0,0,0,0,0,0,1,0,0,0,0,0,0,0,0,0,1,0,0,0,0,0,0,0,0,0,0,0,0,0,0,0,0,0,0,0,0,0,0,0,0,0,0,0,0
30.0,60.0,2,0,4564084.492307693,60.90461538461538,1716398.4314720812,12,1.0,1,162,,0,0,0,0,0,0,0,1,0,0,0,0,0,0,0,0,0,0,0,0,0,0,0,1,0,0,0,0,0,0,0,0,1,0,0,0,0,0,0,0,0,0,0,0,1,0
25.0,30.0,2,0,4564084.492307693,60.90461538461538,1716398.4314720812,2,2.0,2,39,,0,0,0,0,0,0,0,1,0,0,0,0,0,0,0,0,0,0,0,0,0,0,0,1,0,0,0,0,0,0,0,0,0,0,0,0,0,0,0,0,0,0,0,0,0,0
30.0,60.0,1,0,4564084.492307693,60.90461538461538,1716398.4314720812,12,1.0,1,132,,0,0,0,0,0,0,0,1,0,0,0,0,0,0,0,0,0,0,0,0,0,0,0,1,0,0,0,0,0,0,0,0,1,0,0,0,0,0,0,0,0,0,0,0,1,0
22.0,22.0,0,0,4564084.492307693,60.90461538461538,1716398.4314720812,22,1.0,1,142,,0,0,0,0,0,0,0,1,0,0,0,0,0,0,0,0,0,0,0,0,0,0,0,1,0,0,0,0,0,0,0,0,1,0,0,0,0,0,0,0,0,0,0,0,0,0
13.0,13.0,0,0,4564084.492307693,60.90461538461538,1716398.4314720812,17,1.0,1,133,,0,0,0,0,0,0,0,1,0,0,0,0,0,0,0,0,0,0,0,0,0,0,0,0,0,0,0,0,0,0,0,0,1,0,0,0,0,0,0,0,0,0,0,0,0,0
13.0,13.0,0,0,4564084.492307693,60.90461538461538,1716398.4314720812,17,1.0,1,39,,0,0,0,0,0,0,0,1,0,0,0,0,0,0,0,0,0,0,0,0,0,0,0,0,0,0,0,0,0,0,0,0,1,0,0,0,0,0,0,0,0,0,0,0,0,0
35.0,35.0,0,9,8165077.0,74.0,1716398.4314720812,22,1.0,1,40,,1,1,0,1,1,1,1,3,0,0,0,1,0,0,0,0,0,0,0,0,0,0,0,0,0,0,0,0,0,0,0,0,1,0,0,0,0,0,0,0,0,0,0,0,0,0
37.5,106.25,0,8,14280297.0,81.0,11200000.0,65,2.0,1,97,,0,1,0,1,1,1,1,3,0,0,0,0,0,0,0,0,0,0,0,0,0,0,0,0,0,0,0,0,1,0,0,0,0,0,0,0,0,0,0,0,0,0,0,0,0,1
67.86,283.04,0,10,1289403.0,65.0,1716398.4314720812,65,4.0,1,55,,1,1,1,1,1,1,1,3,0,0,0,0,0,0,0,0,0,0,0,0,0,0,0,0,0,0,0,0,0,0,0,0,0,0,1,0,0,0,0,0,0,1,0,0,0,0
138.04,175.18,0,10,1289403.0,65.0,1716398.4314720812,65,4.0,1,226,,1,1,1,1,1,1,1,3,0,0,0,0,0,0,0,0,0,0,0,0,0,0,0,0,0,0,0,0,0,0,0,0,0,0,1,0,0,0,0,0,0,1,0,0,0,0
35.71,75.0,0,10,5976238.0,73.0,5960000.0,65,1.0,1,227,,1,1,1,1,1,1,1,3,0,0,0,0,0,0,0,0,0,0,0,0,0,0,0,0,0,0,0,0,1,0,0,0,0,0,0,0,0,0,0,0,0,0,0,0,0,1
20.0,75.0,1,0,4564084.492307693,60.90461538461538,1716398.4314720812,1,1.0,1,263,,0,0,0,0,0,0,0,1,0,0,0,0,0,0,0,0,0,1,0,0,0,0,0,0,0,0,0,0,0,0,0,0,0,0,0,0,0,0,0,0,0,0,0,0,0,0
30.01,74.11,0,9,517061.0,55.0,209000.0,65,2.0,1,137,,1,1,0,1,1,1,1,3,0,0,0,0,0,0,0,0,0,0,0,0,0,0,0,0,0,1,0,0,0,0,0,0,0,0,0,0,0,0,0,0,0,0,0,0,0,0
31.25,100.0,0,9,1138312.0,67.0,394000.0,65,2.0,1,92,,1,1,0,1,1,1,1,5,0,0,1,0,0,0,0,0,0,0,0,0,0,0,0,0,0,0,0,0,0,0,0,0,0,0,0,0,0,0,0,0,0,1,0,0,0,0
71.43,160.71,0,5,2918356.0,72.0,2380000.0,65,7.0,1,195,,0,1,0,1,1,1,0,3,0,0,0,0,0,0,0,0,0,0,0,0,0,0,0,0,0,0,0,0,0,0,0,0,0,0,1,0,0,1,0,0,0,0,0,0,0,0
71.43,143.75,0,5,14325730.0,88.0,12800000.0,65,2.0,1,204,,0,1,0,1,1,1,0,3,0,0,0,0,0,0,0,0,0,0,0,0,0,0,0,1,0,0,0,0,0,0,0,0,0,0,0,0,0,0,0,0,0,0,0,0,0,0
34.82,96.43,0,0,4564084.492307693,60.90461538461538,1716398.4314720812,65,2.0,1,163,,0,0,0,0,0,0,0,1,0,0,0,0,0,0,0,0,0,0,0,0,0,0,0,0,0,0,0,0,0,0,0,0,0,0,1,0,0,0,0,0,0,0,0,0,0,0
59.82,148.21,0,0,4564084.492307693,60.90461538461538,1716398.4314720812,65,4.0,1,216,,0,0,0,0,0,0,0,1,0,0,0,0,0,0,0,0,0,0,0,0,0,0,0,0,0,0,0,0,1,0,0,0,0,0,0,0,0,0,0,0,0,0,0,0,0,0
76.79,177.68,0,0,4564084.492307693,60.90461538461538,1716398.4314720812,65,4.0,1,160,,0,0,0,0,0,0,0,1,0,0,0,0,0,0,0,0,0,0,0,0,0,0,0,0,0,0,0,0,1,0,0,0,0,0,0,0,0,0,0,0,0,0,0,0,0,0
32.14,113.39,0,10,3279306.0,73.0,1716398.4314720812,65,2.0,1,219,,1,1,1,1,1,1,1,3,0,0,1,0,0,0,0,0,0,0,0,0,0,0,0,0,0,0,0,0,0,0,0,0,0,0,0,0,0,0,0,0,0,1,0,0,0,0
30.0,62.5,0,0,4564084.492307693,60.90461538461538,1716398.4314720812,65,1.0,1,174,,0,0,0,0,0,0,0,1,0,0,0,0,0,0,0,0,0,0,0,0,0,0,0,0,0,0,0,0,1,0,0,0,0,0,0,0,0,0,0,0,0,0,0,0,0,1
30.0,30.0,1,7,685579.0,64.0,306000.0,85,1.0,1,156,,0,1,0,1,1,1,1,1,0,0,0,0,1,0,0,0,0,0,0,0,0,0,0,0,0,0,0,0,0,0,0,0,1,0,0,0,0,0,0,0,0,0,0,0,0,0
30.0,30.0,0,7,685579.0,64.0,306000.0,85,1.0,1,156,,0,1,0,1,1,1,1,1,0,0,0,0,1,0,0,0,0,0,0,0,0,0,0,0,0,0,0,0,0,0,0,0,1,0,0,0,0,0,0,0,0,0,0,0,0,0
58.0,400.0,3,7,45071653.0,90.0,36100000.0,3,3.0,2,0,,0,1,0,1,1,1,1,4,0,0,0,0,0,0,0,0,0,0,0,0,0,0,0,0,0,0,0,0,1,0,0,0,1,0,0,0,0,0,0,0,0,0,0,0,0,0
58.0,380.0,3,7,45071653.0,90.0,36100000.0,3,3.0,1,175,,0,1,0,1,1,1,1,4,0,0,0,0,0,0,0,0,0,0,0,0,0,0,0,0,0,0,0,0,1,0,0,0,1,0,0,0,0,0,0,0,0,0,0,0,0,0
35.71,113.39,0,10,1955236.0,67.0,1716398.4314720812,65,1.0,1,176,,1,1,1,1,1,1,1,8,0,0,0,0,0,0,0,0,0,0,0,0,0,0,0,0,0,0,0,0,0,0,0,0,0,0,1,0,0,0,0,0,0,1,0,0,0,0
50.89,141.96,0,9,938336.0,65.0,1716398.4314720812,65,2.0,1,218,,0,1,1,1,1,1,1,2,0,0,0,0,0,0,0,0,0,0,0,0,0,0,0,0,0,0,0,0,0,0,0,0,0,0,1,0,0,0,0,0,0,1,0,0,0,0
31.25,71.43,0,7,4564084.492307693,60.90461538461538,1716398.4314720812,65,2.0,1,219,,1,1,1,1,0,0,1,1,0,0,0,0,0,0,0,0,0,0,0,0,0,0,0,0,0,1,0,0,0,0,0,0,0,0,0,0,0,0,0,0,0,0,0,0,0,0
59.82,176.43,0,5,2918356.0,72.0,2380000.0,65,7.0,1,220,,0,1,0,1,1,1,0,3,0,0,0,0,0,0,0,0,0,0,0,0,0,0,0,0,0,0,0,0,0,0,0,0,0,0,1,0,0,1,0,0,0,0,0,0,0,0
49.11,116.07,0,5,2918356.0,72.0,2380000.0,65,7.0,1,226,,0,1,0,1,1,1,0,3,0,0,0,0,0,0,0,0,0,0,0,0,0,0,0,0,0,0,0,0,0,0,0,0,0,0,1,0,0,1,0,0,0,0,0,0,0,0
30.01,67.86,0,8,443129.0,54.0,1716398.4314720812,65,2.0,1,237,,0,1,0,1,1,1,1,5,0,0,0,0,0,0,0,0,0,0,0,0,0,0,0,0,0,0,0,0,0,0,0,0,0,0,1,0,0,0,0,0,0,1,0,0,0,0
30.01,62.5,0,5,535307.0,61.0,912000.0,65,2.0,1,247,,0,1,0,1,1,1,0,2,0,0,0,0,0,0,0,0,0,0,0,0,0,0,0,0,0,0,0,0,1,0,0,0,0,0,0,0,0,0,0,0,0,0,0,0,0,1
35.71,94.64,0,6,287013.0,55.0,3070000.0,65,2.0,1,236,,0,1,0,0,1,1,1,1,0,0,0,0,0,1,1,0,0,0,0,0,0,0,0,0,0,0,0,0,0,0,0,0,0,0,0,0,0,0,0,0,0,0,0,0,0,0
30.01,74.11,0,9,189866.0,48.0,1716398.4314720812,65,2.0,1,249,,1,1,0,1,1,1,1,4,0,0,0,0,0,0,0,0,0,0,1,0,0,0,0,0,0,0,0,0,0,0,0,0,0,0,0,0,0,0,0,0,0,0,0,0,0,1
30.01,83.04,0,9,3682868.0,72.0,2800000.0,65,2.0,1,200,,1,1,0,1,1,1,1,5,0,0,0,0,0,0,0,0,0,0,0,0,0,0,0,0,0,0,0,0,1,0,0,0,0,0,0,0,0,0,0,0,0,0,0,0,0,1
30.01,69.64,0,0,4564084.492307693,60.90461538461538,1716398.4314720812,65,2.0,1,250,,0,0,0,0,0,0,0,1,0,0,0,0,0,0,0,0,1,0,0,0,0,0,0,0,0,0,0,0,0,0,0,0,0,0,0,0,0,0,0,0,0,0,0,0,0,0
30.01,55.36,0,7,127899.0,49.0,78500.0,65,2.0,1,255,,0,1,0,1,1,1,1,2,0,0,0,0,0,0,0,0,0,0,0,0,0,0,0,0,0,0,0,0,0,0,0,0,0,0,1,0,0,0,0,0,0,0,0,0,0,0
39.29,127.68,0,9,4176107.0,71.0,243000.0,65,2.0,1,211,,1,1,0,1,1,1,1,5,0,0,0,0,0,0,0,0,0,0,0,0,0,0,0,0,0,0,0,0,0,0,0,0,0,0,1,0,1,0,0,0,0,0,0,0,0,0
40.0,40.0,1,0,4564084.492307693,60.90461538461538,1716398.4314720812,7,1.0,1,258,,0,0,0,0,0,0,0,1,0,0,0,0,0,0,0,0,0,0,0,0,0,0,0,0,0,0,0,0,1,0,0,0,1,0,0,0,0,0,0,0,0,0,0,0,0,0
44.0,44.0,0,0,4564084.492307693,60.90461538461538,1716398.4314720812,7,1.0,1,261,,0,0,0,0,0,0,0,1,0,0,0,0,0,0,0,0,0,0,0,0,0,0,0,0,0,0,0,0,1,0,0,0,1,0,0,0,0,0,0,0,0,0,0,0,0,0
50.0,50.0,0,5,617811.0,57.0,199000.0,15,2.0,1,218,,0,1,0,0,1,1,1,4,0,0,0,0,0,0,0,0,0,0,0,0,0,0,0,0,0,0,0,0,0,0,0,0,0,0,1,0,0,0,0,0,0,1,0,0,0,0
23.0,23.0,2,0,4564084.492307693,60.90461538461538,1716398.4314720812,8,2.0,1,254,,0,0,0,0,0,0,0,1,0,0,0,0,0,0,0,0,0,1,0,0,0,0,0,0,0,0,0,0,0,0,0,0,0,0,0,0,0,0,0,0,0,0,0,0,0,0
25.0,25.0,1,0,4564084.492307693,60.90461538461538,1716398.4314720812,2,2.0,1,259,,0,0,0,0,0,0,0,1,0,0,0,0,0,0,0,0,0,1,0,0,0,0,0,0,0,0,0,0,0,0,0,0,0,0,0,0,0,0,0,0,0,0,0,0,0,0
31.25,74.11,0,8,1119068.0,63.0,882000.0,65,3.0,1,65,,0,1,0,1,1,1,1,4,0,0,0,0,0,0,0,0,0,0,0,0,0,0,0,0,0,0,0,0,0,0,0,0,0,0,1,0,0,0,0,0,0,0,0,0,0,0
81.0,295.0,1,10,8601325.0,75.0,1716398.4314720812,5,5.0,1,39,,1,1,1,1,1,1,1,7,0,0,1,0,0,0,0,0,0,0,0,0,0,0,0,0,0,0,0,0,0,0,0,0,0,0,1,0,0,0,0,0,0,1,0,0,0,0
30.01,58.93,0,9,4564084.492307693,60.90461538461538,1716398.4314720812,65,2.0,1,97,,1,1,1,1,1,1,1,1,0,0,0,0,0,0,0,0,0,0,0,0,0,0,0,0,0,0,0,0,0,0,0,0,0,0,1,0,0,0,0,0,0,0,0,0,0,0
41.43,130.71,0,5,2918356.0,72.0,2380000.0,65,7.0,1,102,,0,1,0,1,1,1,0,3,0,0,0,0,0,0,0,0,0,0,0,0,0,0,0,0,0,0,0,0,0,0,0,0,0,0,1,0,0,1,0,0,0,0,0,0,0,0
23.0,23.0,0,10,239050.0,52.0,1716398.4314720812,85,2.0,1,134,,1,1,1,1,1,1,1,4,0,1,1,0,0,0,0,0,0,0,0,0,0,0,0,0,0,0,0,0,0,0,0,0,0,0,0,0,0,0,0,0,0,1,0,0,0,0
23.0,23.0,0,10,239050.0,52.0,1716398.4314720812,85,2.0,1,209,,1,1,1,1,1,1,1,4,0,1,1,0,0,0,0,0,0,0,0,0,0,0,0,0,0,0,0,0,0,0,0,0,0,0,0,0,0,0,0,0,0,1,0,0,0,0
23.0,23.0,0,10,239050.0,52.0,1716398.4314720812,85,2.0,1,163,,1,1,1,1,1,1,1,4,0,1,1,0,0,0,0,0,0,0,0,0,0,0,0,0,0,0,0,0,0,0,0,0,0,0,0,0,0,0,0,0,0,1,0,0,0,0
35.0,90.0,2,7,1849757.0,60.0,949000.0,5,2.0,1,259,,0,1,0,1,1,1,1,2,0,0,0,0,0,0,0,0,0,0,0,0,0,0,0,0,0,0,0,0,1,0,0,0,1,0,0,0,0,0,0,0,0,0,0,0,0,1
20.0,20.0,1,0,4564084.492307693,60.90461538461538,1716398.4314720812,2,1.0,1,91,,0,0,0,0,0,0,0,1,0,0,0,0,0,0,0,0,0,0,0,0,0,0,0,0,0,0,0,0,0,0,0,0,0,0,1,0,1,0,0,0,0,1,0,0,0,0
33.13,33.13,0,9,141414.0,39.0,14800.0,10,1.0,1,219,,1,1,1,0,1,1,1,8,0,0,1,0,0,0,0,0,0,0,0,0,0,0,0,0,0,0,0,0,0,0,0,0,0,0,1,0,0,0,0,0,0,1,0,0,0,0
33.13,33.13,0,9,141414.0,39.0,14800.0,10,1.0,1,220,,1,1,1,0,1,1,1,8,0,0,1,0,0,0,0,0,0,0,0,0,0,0,0,0,0,0,0,0,0,0,0,0,0,0,1,0,0,0,0,0,0,1,0,0,0,0
40.0,40.0,0,10,1180475.0,58.0,1716398.4314720812,85,1.0,1,222,,1,1,1,1,1,1,1,4,0,1,1,0,0,0,0,0,0,0,0,0,0,0,0,0,0,0,0,0,0,0,0,0,0,0,0,0,0,0,0,0,0,1,0,0,0,0
30.0,54.46,0,0,4564084.492307693,60.90461538461538,1716398.4314720812,65,1.0,1,87,,0,0,0,0,0,0,0,1,0,0,0,0,0,0,0,0,0,0,0,0,0,0,0,0,0,0,0,0,0,0,0,0,1,0,0,0,0,0,0,0,0,0,0,0,0,0
